date,ip,loc,lat,long,Date,Day
2021-06-23 16:50:03 UTC,208.75.19.158,"Ann Arbor, Michigan",42.2709,-83.7282,2021-06-23 16:50:03+00:00,2021-06-23
2021-06-23 19:19:12 UTC,208.75.19.158,"Ann Arbor, Michigan",42.2709,-83.7282,2021-06-23 19:19:12+00:00,2021-06-23
2021-06-23 21:19:12 UTC,208.75.19.158,"Ann Arbor, Michigan",42.2709,-83.7282,2021-06-23 21:19:12+00:00,2021-06-23
2021-06-23 23:41:19 UTC,208.75.19.158,"Ann Arbor, Michigan",42.2709,-83.7282,2021-06-23 23:41:19+00:00,2021-06-23
2021-06-24 02:10:18 UTC,208.75.19.158,"Ann Arbor, Michigan",42.2709,-83.7282,2021-06-24 02:10:18+00:00,2021-06-24
2021-06-24 05:13:50 UTC,208.75.19.158,"Ann Arbor, Michigan",42.2709,-83.7282,2021-06-24 05:13:50+00:00,2021-06-24
2021-06-24 06:53:07 UTC,208.75.19.158,"Ann Arbor, Michigan",42.2709,-83.7282,2021-06-24 06:53:07+00:00,2021-06-24
2021-06-24 08:39:37 UTC,208.75.19.158,"Ann Arbor, Michigan",42.2709,-83.7282,2021-06-24 08:39:37+00:00,2021-06-24
2021-06-24 11:19:34 UTC,208.75.19.158,"Ann Arbor, Michigan",42.2709,-83.7282,2021-06-24 11:19:34+00:00,2021-06-24
2021-06-24 12:37:12 UTC,208.75.19.158,"Ann Arbor, Michigan",42.2709,-83.7282,2021-06-24 12:37:12+00:00,2021-06-24
2021-06-24 16:12:39 UTC,208.75.19.158,"Ann Arbor, Michigan",42.2709,-83.7282,2021-06-24 16:12:39+00:00,2021-06-24
2021-06-24 17:50:19 UTC,208.75.19.158,"Ann Arbor, Michigan",42.2709,-83.7282,2021-06-24 17:50:19+00:00,2021-06-24
2021-06-24 18:56:41 UTC,208.75.19.158,"Ann Arbor, Michigan",42.2709,-83.7282,2021-06-24 18:56:41+00:00,2021-06-24
2021-06-24 20:04:01 UTC,208.75.19.158,"Ann Arbor, Michigan",42.2709,-83.7282,2021-06-24 20:04:01+00:00,2021-06-24
2021-06-24 22:15:02 UTC,208.75.19.158,"Ann Arbor, Michigan",42.2709,-83.7282,2021-06-24 22:15:02+00:00,2021-06-24
2021-06-25 03:23:40 UTC,208.75.19.158,"Ann Arbor, Michigan",42.2709,-83.7282,2021-06-25 03:23:40+00:00,2021-06-25
2021-06-25 04:24:05 UTC,208.75.19.158,"Ann Arbor, Michigan",42.2709,-83.7282,2021-06-25 04:24:05+00:00,2021-06-25
2021-06-25 06:31:04 UTC,208.75.19.158,"Ann Arbor, Michigan",42.2709,-83.7282,2021-06-25 06:31:04+00:00,2021-06-25
2021-06-25 08:17:52 UTC,208.75.19.158,"Ann Arbor, Michigan",42.2709,-83.7282,2021-06-25 08:17:52+00:00,2021-06-25
2021-06-25 12:01:10 UTC,208.75.19.158,"Ann Arbor, Michigan",42.2709,-83.7282,2021-06-25 12:01:10+00:00,2021-06-25
2021-06-25 13:23:42 UTC,208.75.19.158,"Ann Arbor, Michigan",42.2709,-83.7282,2021-06-25 13:23:42+00:00,2021-06-25
2021-06-25 14:27:06 UTC,208.75.19.158,"Ann Arbor, Michigan",42.2709,-83.7282,2021-06-25 14:27:06+00:00,2021-06-25
2021-06-25 16:33:07 UTC,208.75.19.158,"Ann Arbor, Michigan",42.2709,-83.7282,2021-06-25 16:33:07+00:00,2021-06-25
2021-06-25 18:05:43 UTC,208.75.19.158,"Ann Arbor, Michigan",42.2709,-83.7282,2021-06-25 18:05:43+00:00,2021-06-25
2021-06-25 19:11:06 UTC,208.75.19.158,"Ann Arbor, Michigan",42.2709,-83.7282,2021-06-25 19:11:06+00:00,2021-06-25
2021-06-25 21:23:47 UTC,208.75.19.158,"Ann Arbor, Michigan",42.2709,-83.7282,2021-06-25 21:23:47+00:00,2021-06-25
2021-06-25 22:27:55 UTC,208.75.19.158,"Ann Arbor, Michigan",42.2709,-83.7282,2021-06-25 22:27:55+00:00,2021-06-25
2021-06-26 00:25:00 UTC,208.75.19.158,"Ann Arbor, Michigan",42.2709,-83.7282,2021-06-26 00:25:00+00:00,2021-06-26
2021-06-26 01:33:03 UTC,208.75.19.158,"Ann Arbor, Michigan",42.2709,-83.7282,2021-06-26 01:33:03+00:00,2021-06-26
2021-06-26 02:40:41 UTC,208.75.19.158,"Ann Arbor, Michigan",42.2709,-83.7282,2021-06-26 02:40:41+00:00,2021-06-26
2021-06-26 06:19:56 UTC,208.75.19.158,"Ann Arbor, Michigan",42.2709,-83.7282,2021-06-26 06:19:56+00:00,2021-06-26
2021-06-26 07:52:58 UTC,208.75.19.158,"Ann Arbor, Michigan",42.2709,-83.7282,2021-06-26 07:52:58+00:00,2021-06-26
2021-06-26 09:51:00 UTC,208.75.19.158,"Ann Arbor, Michigan",42.2709,-83.7282,2021-06-26 09:51:00+00:00,2021-06-26
2021-06-26 12:17:46 UTC,208.75.19.158,"Ann Arbor, Michigan",42.2709,-83.7282,2021-06-26 12:17:46+00:00,2021-06-26
2021-06-26 13:49:14 UTC,208.75.19.158,"Ann Arbor, Michigan",42.2709,-83.7282,2021-06-26 13:49:14+00:00,2021-06-26
2021-06-26 15:06:58 UTC,208.75.19.158,"Ann Arbor, Michigan",42.2709,-83.7282,2021-06-26 15:06:58+00:00,2021-06-26
2021-06-26 16:15:18 UTC,208.75.19.158,"Ann Arbor, Michigan",42.2709,-83.7282,2021-06-26 16:15:18+00:00,2021-06-26
2021-06-26 17:31:30 UTC,208.75.19.158,"Ann Arbor, Michigan",42.2709,-83.7282,2021-06-26 17:31:30+00:00,2021-06-26
2021-06-26 18:31:50 UTC,208.75.19.158,"Ann Arbor, Michigan",42.2709,-83.7282,2021-06-26 18:31:50+00:00,2021-06-26
2021-06-26 21:18:04 UTC,208.75.19.158,"Ann Arbor, Michigan",42.2709,-83.7282,2021-06-26 21:18:04+00:00,2021-06-26
2021-06-26 22:19:49 UTC,208.75.19.158,"Ann Arbor, Michigan",42.2709,-83.7282,2021-06-26 22:19:49+00:00,2021-06-26
2021-06-27 00:50:00 UTC,208.75.19.158,"Ann Arbor, Michigan",42.2709,-83.7282,2021-06-27 00:50:00+00:00,2021-06-27
2021-06-27 01:50:17 UTC,208.75.19.158,"Ann Arbor, Michigan",42.2709,-83.7282,2021-06-27 01:50:17+00:00,2021-06-27
2021-06-27 03:33:41 UTC,208.75.19.158,"Ann Arbor, Michigan",42.2709,-83.7282,2021-06-27 03:33:41+00:00,2021-06-27
2021-06-27 03:53:28 UTC,107.77.161.21,"Detroit, Michigan",37.751,-83.1087,2021-06-27 03:53:28+00:00,2021-06-27
2021-06-27 05:30:25 UTC,208.75.19.158,"Ann Arbor, Michigan",42.2709,-83.7282,2021-06-27 05:30:25+00:00,2021-06-27
2021-06-27 09:28:40 UTC,208.75.19.158,"Ann Arbor, Michigan",42.2709,-83.7282,2021-06-27 09:28:40+00:00,2021-06-27
2021-06-27 11:39:16 UTC,208.75.19.158,"Ann Arbor, Michigan",42.2709,-83.7282,2021-06-27 11:39:16+00:00,2021-06-27
2021-06-27 12:55:30 UTC,208.75.19.158,"Ann Arbor, Michigan",42.2709,-83.7282,2021-06-27 12:55:30+00:00,2021-06-27
2021-06-27 13:58:38 UTC,208.75.19.158,"Ann Arbor, Michigan",42.2709,-83.7282,2021-06-27 13:58:38+00:00,2021-06-27
2021-06-27 14:59:03 UTC,208.75.19.158,"Ann Arbor, Michigan",42.2709,-83.7282,2021-06-27 14:59:03+00:00,2021-06-27
2021-06-27 15:59:04 UTC,208.75.19.158,"Ann Arbor, Michigan",42.2709,-83.7282,2021-06-27 15:59:04+00:00,2021-06-27
2021-06-27 16:09:09 UTC,107.77.161.21,"Detroit, Michigan",37.751,-83.1087,2021-06-27 16:09:09+00:00,2021-06-27
2021-06-27 17:44:49 UTC,208.75.19.158,"Ann Arbor, Michigan",42.2709,-83.7282,2021-06-27 17:44:49+00:00,2021-06-27
2021-06-27 18:52:42 UTC,208.75.19.158,"Ann Arbor, Michigan",42.2709,-83.7282,2021-06-27 18:52:42+00:00,2021-06-27
2021-06-27 18:59:17 UTC,107.77.161.21,"Detroit, Michigan",37.751,-83.1087,2021-06-27 18:59:17+00:00,2021-06-27
2021-06-27 20:31:43 UTC,208.75.19.158,"Ann Arbor, Michigan",42.2709,-83.7282,2021-06-27 20:31:43+00:00,2021-06-27
2021-06-27 21:18:08 UTC,107.77.161.21,"Detroit, Michigan",37.751,-83.1087,2021-06-27 21:18:08+00:00,2021-06-27
2021-06-27 21:43:51 UTC,208.75.19.158,"Ann Arbor, Michigan",42.2709,-83.7282,2021-06-27 21:43:51+00:00,2021-06-27
2021-06-27 22:45:01 UTC,208.75.19.158,"Ann Arbor, Michigan",42.2709,-83.7282,2021-06-27 22:45:01+00:00,2021-06-27
2021-06-28 00:13:40 UTC,208.75.19.158,"Ann Arbor, Michigan",42.2709,-83.7282,2021-06-28 00:13:40+00:00,2021-06-28
2021-06-28 01:16:48 UTC,107.77.161.21,"Detroit, Michigan",37.751,-83.1087,2021-06-28 01:16:48+00:00,2021-06-28
2021-06-28 02:03:30 UTC,208.75.19.158,"Ann Arbor, Michigan",42.2709,-83.7282,2021-06-28 02:03:30+00:00,2021-06-28
2021-06-28 03:22:50 UTC,107.77.161.21,"Detroit, Michigan",37.751,-83.1087,2021-06-28 03:22:50+00:00,2021-06-28
2021-06-28 03:37:21 UTC,208.75.19.158,"Ann Arbor, Michigan",42.2709,-83.7282,2021-06-28 03:37:21+00:00,2021-06-28
2021-06-28 07:51:30 UTC,208.75.19.158,"Ann Arbor, Michigan",42.2709,-83.7282,2021-06-28 07:51:30+00:00,2021-06-28
2021-06-28 12:01:30 UTC,208.75.19.158,"Ann Arbor, Michigan",42.2709,-83.7282,2021-06-28 12:01:30+00:00,2021-06-28
2021-06-28 13:50:59 UTC,208.75.19.158,"Ann Arbor, Michigan",42.2709,-83.7282,2021-06-28 13:50:59+00:00,2021-06-28
2021-06-28 15:36:42 UTC,208.75.19.158,"Ann Arbor, Michigan",42.2709,-83.7282,2021-06-28 15:36:42+00:00,2021-06-28
2021-06-28 17:34:09 UTC,208.75.19.158,"Ann Arbor, Michigan",42.2709,-83.7282,2021-06-28 17:34:09+00:00,2021-06-28
2021-06-28 18:34:10 UTC,208.75.19.158,"Ann Arbor, Michigan",42.2709,-83.7282,2021-06-28 18:34:10+00:00,2021-06-28
2021-06-28 18:51:15 UTC,107.77.161.21,"Detroit, Michigan",37.751,-83.1087,2021-06-28 18:51:15+00:00,2021-06-28
2021-06-28 20:22:37 UTC,208.75.19.158,"Ann Arbor, Michigan",42.2709,-83.7282,2021-06-28 20:22:37+00:00,2021-06-28
2021-06-28 21:24:28 UTC,35.1.54.210,"Ann Arbor, Michigan",42.2709,-83.7068,2021-06-28 21:24:28+00:00,2021-06-28
2021-06-28 22:21:37 UTC,208.75.19.158,"Ann Arbor, Michigan",42.2709,-83.7282,2021-06-28 22:21:37+00:00,2021-06-28
2021-06-29 00:14:50 UTC,208.75.19.158,"Ann Arbor, Michigan",42.2709,-83.7282,2021-06-29 00:14:50+00:00,2021-06-29
2021-06-29 04:05:15 UTC,208.75.19.158,"Ann Arbor, Michigan",42.2709,-83.7282,2021-06-29 04:05:15+00:00,2021-06-29
2021-06-29 09:57:30 UTC,208.75.19.158,"Ann Arbor, Michigan",42.2709,-83.7282,2021-06-29 09:57:30+00:00,2021-06-29
2021-06-29 15:47:02 UTC,208.75.19.158,"Ann Arbor, Michigan",42.2709,-83.7282,2021-06-29 15:47:02+00:00,2021-06-29
2021-06-29 20:04:03 UTC,107.77.161.52,"Detroit, Michigan",37.751,-83.1087,2021-06-29 20:04:03+00:00,2021-06-29
2021-06-29 20:04:56 UTC,35.2.7.69,"Ann Arbor, Michigan",42.7069,-83.7068,2021-06-29 20:04:56+00:00,2021-06-29
2021-06-29 21:13:41 UTC,35.3.4.23,"Ann Arbor, Michigan",42.2804,-83.7068,2021-06-29 21:13:41+00:00,2021-06-29
2021-06-29 21:37:44 UTC,208.75.19.158,"Ann Arbor, Michigan",42.2709,-83.7282,2021-06-29 21:37:44+00:00,2021-06-29
2021-06-29 22:07:13 UTC,107.77.161.52,"Detroit, Michigan",37.751,-83.1087,2021-06-29 22:07:13+00:00,2021-06-29
2021-06-29 23:19:17 UTC,208.75.19.158,"Ann Arbor, Michigan",42.2709,-83.7282,2021-06-29 23:19:17+00:00,2021-06-29
2021-06-30 02:40:01 UTC,107.77.161.52,"Detroit, Michigan",37.751,-83.1087,2021-06-30 02:40:01+00:00,2021-06-30
2021-06-30 04:12:37 UTC,107.77.161.52,"Detroit, Michigan",37.751,-83.1087,2021-06-30 04:12:37+00:00,2021-06-30
2021-06-30 04:16:40 UTC,208.75.19.158,"Ann Arbor, Michigan",42.2709,-83.7282,2021-06-30 04:16:40+00:00,2021-06-30
2021-06-30 15:29:00 UTC,208.75.19.158,"Ann Arbor, Michigan",42.2709,-83.7282,2021-06-30 15:29:00+00:00,2021-06-30
2021-06-30 17:19:52 UTC,208.75.19.158,"Ann Arbor, Michigan",42.2709,-83.7282,2021-06-30 17:19:52+00:00,2021-06-30
2021-06-30 18:31:13 UTC,208.75.19.158,"Ann Arbor, Michigan",42.2709,-83.7282,2021-06-30 18:31:13+00:00,2021-06-30
2021-06-30 18:45:07 UTC,107.77.161.52,"Detroit, Michigan",37.751,-83.1087,2021-06-30 18:45:07+00:00,2021-06-30
2021-06-30 19:48:39 UTC,208.75.19.158,"Ann Arbor, Michigan",42.2709,-83.7282,2021-06-30 19:48:39+00:00,2021-06-30
2021-06-30 21:16:05 UTC,35.1.54.210,"Ann Arbor, Michigan",42.2709,-83.7068,2021-06-30 21:16:05+00:00,2021-06-30
2021-06-30 21:38:24 UTC,208.75.19.158,"Ann Arbor, Michigan",42.2709,-83.7282,2021-06-30 21:38:24+00:00,2021-06-30
2021-06-30 22:23:38 UTC,107.77.161.52,"Detroit, Michigan",37.751,-83.1087,2021-06-30 22:23:38+00:00,2021-06-30
2021-06-30 23:31:27 UTC,208.75.19.158,"Ann Arbor, Michigan",42.2709,-83.7282,2021-06-30 23:31:27+00:00,2021-06-30
2021-06-30 23:36:52 UTC,107.77.161.52,"Detroit, Michigan",37.751,-83.1087,2021-06-30 23:36:52+00:00,2021-06-30
2021-07-01 00:52:41 UTC,107.77.161.52,"Detroit, Michigan",37.751,-83.1087,2021-07-01 00:52:41+00:00,2021-07-01
2021-07-01 02:14:47 UTC,107.77.161.52,"Detroit, Michigan",37.751,-83.1087,2021-07-01 02:14:47+00:00,2021-07-01
2021-07-01 02:18:54 UTC,208.75.19.158,"Ann Arbor, Michigan",42.2709,-83.7282,2021-07-01 02:18:54+00:00,2021-07-01
2021-07-01 04:43:18 UTC,208.75.19.158,"Ann Arbor, Michigan",42.2709,-83.7282,2021-07-01 04:43:18+00:00,2021-07-01
2021-07-01 06:42:42 UTC,208.75.19.158,"Ann Arbor, Michigan",42.2709,-83.7282,2021-07-01 06:42:42+00:00,2021-07-01
2021-07-01 10:32:48 UTC,208.75.19.158,"Ann Arbor, Michigan",42.2709,-83.7282,2021-07-01 10:32:48+00:00,2021-07-01
2021-07-01 11:40:02 UTC,208.75.19.158,"Ann Arbor, Michigan",42.2709,-83.7282,2021-07-01 11:40:02+00:00,2021-07-01
2021-07-01 12:51:40 UTC,208.75.19.158,"Ann Arbor, Michigan",42.2709,-83.7282,2021-07-01 12:51:40+00:00,2021-07-01
2021-07-01 14:48:18 UTC,208.75.19.158,"Ann Arbor, Michigan",42.2709,-83.7282,2021-07-01 14:48:18+00:00,2021-07-01
2021-07-01 16:32:53 UTC,208.75.19.158,"Ann Arbor, Michigan",42.2709,-83.7282,2021-07-01 16:32:53+00:00,2021-07-01
2021-07-01 18:26:14 UTC,208.75.19.158,"Ann Arbor, Michigan",42.2709,-83.7282,2021-07-01 18:26:14+00:00,2021-07-01
2021-07-01 21:40:17 UTC,68.43.249.168,"Hamtramck, Michigan",42.4122,-83.0583,2021-07-01 21:40:17+00:00,2021-07-01
2021-07-02 00:14:42 UTC,69.136.134.200,"Detroit, Michigan",42.3914,-83.15,2021-07-02 00:14:42+00:00,2021-07-02
2021-07-02 00:20:36 UTC,68.43.249.168,"Hamtramck, Michigan",42.4122,-83.0583,2021-07-02 00:20:36+00:00,2021-07-02
2021-07-02 01:21:38 UTC,68.43.249.168,"Hamtramck, Michigan",42.4122,-83.0583,2021-07-02 01:21:38+00:00,2021-07-02
2021-07-02 02:18:30 UTC,107.77.161.52,"Detroit, Michigan",37.751,-83.1087,2021-07-02 02:18:30+00:00,2021-07-02
2021-07-02 02:30:43 UTC,69.136.135.20,"Detroit, Michigan",42.3914,-83.15,2021-07-02 02:30:43+00:00,2021-07-02
2021-07-02 03:23:05 UTC,68.43.249.168,"Hamtramck, Michigan",42.4122,-83.0583,2021-07-02 03:23:05+00:00,2021-07-02
2021-07-02 05:32:44 UTC,68.43.249.168,"Hamtramck, Michigan",42.4122,-83.0583,2021-07-02 05:32:44+00:00,2021-07-02
2021-07-02 07:19:38 UTC,68.43.249.168,"Hamtramck, Michigan",42.4122,-83.0583,2021-07-02 07:19:38+00:00,2021-07-02
2021-07-02 11:19:05 UTC,68.43.249.168,"Hamtramck, Michigan",42.4122,-83.0583,2021-07-02 11:19:05+00:00,2021-07-02
2021-07-02 12:24:21 UTC,68.43.249.168,"Hamtramck, Michigan",42.4122,-83.0583,2021-07-02 12:24:21+00:00,2021-07-02
2021-07-02 14:10:54 UTC,68.43.249.168,"Hamtramck, Michigan",42.4122,-83.0583,2021-07-02 14:10:54+00:00,2021-07-02
2021-07-02 15:13:20 UTC,68.43.249.168,"Hamtramck, Michigan",42.4122,-83.0583,2021-07-02 15:13:20+00:00,2021-07-02
2021-07-02 17:37:07 UTC,68.43.249.168,"Hamtramck, Michigan",42.4122,-83.0583,2021-07-02 17:37:07+00:00,2021-07-02
2021-07-02 18:55:28 UTC,68.43.249.168,"Hamtramck, Michigan",42.4122,-83.0583,2021-07-02 18:55:28+00:00,2021-07-02
2021-07-02 20:59:28 UTC,68.43.249.168,"Hamtramck, Michigan",42.4122,-83.0583,2021-07-02 20:59:28+00:00,2021-07-02
2021-07-02 22:47:52 UTC,68.43.249.168,"Hamtramck, Michigan",42.4122,-83.0583,2021-07-02 22:47:52+00:00,2021-07-02
2021-07-03 02:39:28 UTC,68.43.249.168,"Hamtramck, Michigan",42.4122,-83.0583,2021-07-03 02:39:28+00:00,2021-07-03
2021-07-03 08:34:10 UTC,68.43.249.168,"Hamtramck, Michigan",42.4122,-83.0583,2021-07-03 08:34:10+00:00,2021-07-03
2021-07-03 11:53:25 UTC,68.43.249.168,"Hamtramck, Michigan",42.4122,-83.0583,2021-07-03 11:53:25+00:00,2021-07-03
2021-07-03 12:58:49 UTC,68.43.249.168,"Hamtramck, Michigan",42.4122,-83.0583,2021-07-03 12:58:49+00:00,2021-07-03
2021-07-03 14:12:36 UTC,68.43.249.168,"Hamtramck, Michigan",42.4122,-83.0583,2021-07-03 14:12:36+00:00,2021-07-03
2021-07-03 15:35:20 UTC,68.43.249.168,"Hamtramck, Michigan",42.4122,-83.0583,2021-07-03 15:35:20+00:00,2021-07-03
2021-07-03 17:31:39 UTC,69.136.134.178,"Detroit, Michigan",42.3914,-83.15,2021-07-03 17:31:39+00:00,2021-07-03
2021-07-03 18:21:29 UTC,68.43.249.168,"Hamtramck, Michigan",42.4122,-83.0583,2021-07-03 18:21:29+00:00,2021-07-03
2021-07-03 20:05:47 UTC,68.43.249.168,"Hamtramck, Michigan",42.4122,-83.0583,2021-07-03 20:05:47+00:00,2021-07-03
2021-07-04 01:00:54 UTC,68.43.249.168,"Hamtramck, Michigan",42.4122,-83.0583,2021-07-04 01:00:54+00:00,2021-07-04
2021-07-04 02:03:05 UTC,68.43.249.168,"Hamtramck, Michigan",42.4122,-83.0583,2021-07-04 02:03:05+00:00,2021-07-04
2021-07-04 08:03:59 UTC,68.43.249.168,"Hamtramck, Michigan",42.4122,-83.0583,2021-07-04 08:03:59+00:00,2021-07-04
2021-07-04 13:00:26 UTC,68.43.249.168,"Hamtramck, Michigan",42.4122,-83.0583,2021-07-04 13:00:26+00:00,2021-07-04
2021-07-04 14:31:17 UTC,68.43.249.168,"Hamtramck, Michigan",42.4122,-83.0583,2021-07-04 14:31:17+00:00,2021-07-04
2021-07-04 15:33:08 UTC,68.43.249.168,"Hamtramck, Michigan",42.4122,-83.0583,2021-07-04 15:33:08+00:00,2021-07-04
2021-07-04 16:39:47 UTC,68.43.249.168,"Hamtramck, Michigan",42.4122,-83.0583,2021-07-04 16:39:47+00:00,2021-07-04
2021-07-04 17:41:05 UTC,68.43.249.168,"Hamtramck, Michigan",42.4122,-83.0583,2021-07-04 17:41:05+00:00,2021-07-04
2021-07-04 19:28:23 UTC,68.43.249.168,"Hamtramck, Michigan",42.4122,-83.0583,2021-07-04 19:28:23+00:00,2021-07-04
2021-07-04 21:27:07 UTC,68.43.249.168,"Hamtramck, Michigan",42.4122,-83.0583,2021-07-04 21:27:07+00:00,2021-07-04
2021-07-05 00:11:04 UTC,68.43.249.168,"Hamtramck, Michigan",42.4122,-83.0583,2021-07-05 00:11:04+00:00,2021-07-05
2021-07-05 01:38:32 UTC,68.43.249.168,"Hamtramck, Michigan",42.4122,-83.0583,2021-07-05 01:38:32+00:00,2021-07-05
2021-07-05 04:09:31 UTC,68.43.249.168,"Hamtramck, Michigan",42.4122,-83.0583,2021-07-05 04:09:31+00:00,2021-07-05
2021-07-05 06:17:35 UTC,68.43.249.168,"Hamtramck, Michigan",42.4122,-83.0583,2021-07-05 06:17:35+00:00,2021-07-05
2021-07-05 08:12:01 UTC,68.43.249.168,"Hamtramck, Michigan",42.4122,-83.0583,2021-07-05 08:12:01+00:00,2021-07-05
2021-07-05 10:40:01 UTC,68.43.249.168,"Hamtramck, Michigan",42.4122,-83.0583,2021-07-05 10:40:01+00:00,2021-07-05
2021-07-05 12:05:40 UTC,68.43.249.168,"Hamtramck, Michigan",42.4122,-83.0583,2021-07-05 12:05:40+00:00,2021-07-05
2021-07-05 17:58:26 UTC,68.43.249.168,"Hamtramck, Michigan",42.4122,-83.0583,2021-07-05 17:58:26+00:00,2021-07-05
2021-07-05 23:56:05 UTC,68.43.249.168,"Hamtramck, Michigan",42.4122,-83.0583,2021-07-05 23:56:05+00:00,2021-07-05
2021-07-06 03:14:32 UTC,69.200.224.79,"Astoria, New York",40.7706,-73.9265,2021-07-06 03:14:32+00:00,2021-07-06
2021-07-06 05:48:54 UTC,68.43.249.168,"Hamtramck, Michigan",42.4122,-83.0583,2021-07-06 05:48:54+00:00,2021-07-06
2021-07-06 10:54:48 UTC,69.200.224.79,"Astoria, New York",40.7706,-73.9265,2021-07-06 10:54:48+00:00,2021-07-06
2021-07-06 11:38:53 UTC,68.43.249.168,"Hamtramck, Michigan",42.4122,-83.0583,2021-07-06 11:38:53+00:00,2021-07-06
2021-07-06 12:19:29 UTC,69.200.224.79,"Astoria, New York",40.7706,-73.9265,2021-07-06 12:19:29+00:00,2021-07-06
2021-07-06 15:12:24 UTC,69.200.224.79,"Astoria, New York",40.7706,-73.9265,2021-07-06 15:12:24+00:00,2021-07-06
2021-07-06 16:47:40 UTC,68.43.249.168,"Hamtramck, Michigan",42.4122,-83.0583,2021-07-06 16:47:40+00:00,2021-07-06
2021-07-06 18:49:47 UTC,68.43.249.168,"Hamtramck, Michigan",42.4122,-83.0583,2021-07-06 18:49:47+00:00,2021-07-06
2021-07-06 18:58:29 UTC,69.200.224.79,"Astoria, New York",40.7706,-73.9265,2021-07-06 18:58:29+00:00,2021-07-06
2021-07-06 20:00:19 UTC,69.200.224.79,"Astoria, New York",40.7706,-73.9265,2021-07-06 20:00:19+00:00,2021-07-06
2021-07-06 20:47:48 UTC,68.43.249.168,"Hamtramck, Michigan",42.4122,-83.0583,2021-07-06 20:47:48+00:00,2021-07-06
2021-07-06 21:11:56 UTC,69.200.224.79,"Astoria, New York",40.7706,-73.9265,2021-07-06 21:11:56+00:00,2021-07-06
2021-07-06 22:33:43 UTC,69.200.224.79,"Astoria, New York",40.7706,-73.9265,2021-07-06 22:33:43+00:00,2021-07-06
2021-07-07 00:34:28 UTC,68.43.249.168,"Hamtramck, Michigan",42.4122,-83.0583,2021-07-07 00:34:28+00:00,2021-07-07
2021-07-07 06:11:28 UTC,107.242.117.5,"None, New Jersey",40.7064,-74.2111,2021-07-07 06:11:28+00:00,2021-07-07
2021-07-07 06:32:14 UTC,68.43.249.168,"Hamtramck, Michigan",42.4122,-83.0583,2021-07-07 06:32:14+00:00,2021-07-07
2021-07-07 12:31:10 UTC,68.43.249.168,"Hamtramck, Michigan",42.4122,-83.0583,2021-07-07 12:31:10+00:00,2021-07-07
2021-07-07 17:03:34 UTC,69.200.224.79,"Astoria, New York",40.7706,-73.9265,2021-07-07 17:03:34+00:00,2021-07-07
2021-07-07 18:17:25 UTC,68.43.249.168,"Hamtramck, Michigan",42.4122,-83.0583,2021-07-07 18:17:25+00:00,2021-07-07
2021-07-07 18:40:24 UTC,69.200.224.79,"Astoria, New York",40.7706,-73.9265,2021-07-07 18:40:24+00:00,2021-07-07
2021-07-07 20:45:27 UTC,107.242.117.30,"None, New Jersey",40.7064,-74.2111,2021-07-07 20:45:27+00:00,2021-07-07
2021-07-07 22:29:58 UTC,107.242.117.30,"None, New Jersey",40.7064,-74.2111,2021-07-07 22:29:58+00:00,2021-07-07
2021-07-07 23:40:49 UTC,107.242.117.30,"None, New Jersey",40.7064,-74.2111,2021-07-07 23:40:49+00:00,2021-07-07
2021-07-08 00:06:07 UTC,68.43.249.168,"Hamtramck, Michigan",42.4122,-83.0583,2021-07-08 00:06:07+00:00,2021-07-08
2021-07-08 00:54:09 UTC,107.242.117.30,"None, New Jersey",40.7064,-74.2111,2021-07-08 00:54:09+00:00,2021-07-08
2021-07-08 01:55:14 UTC,107.242.117.30,"None, New Jersey",40.7064,-74.2111,2021-07-08 01:55:14+00:00,2021-07-08
2021-07-08 02:57:58 UTC,107.242.117.30,"None, New Jersey",40.7064,-74.2111,2021-07-08 02:57:58+00:00,2021-07-08
2021-07-08 03:47:09 UTC,68.43.249.168,"Hamtramck, Michigan",42.4122,-83.0583,2021-07-08 03:47:09+00:00,2021-07-08
2021-07-08 03:59:10 UTC,107.242.117.30,"None, New Jersey",40.7064,-74.2111,2021-07-08 03:59:10+00:00,2021-07-08
2021-07-08 06:06:31 UTC,68.43.249.168,"Hamtramck, Michigan",42.4122,-83.0583,2021-07-08 06:06:31+00:00,2021-07-08
2021-07-08 08:34:55 UTC,68.43.249.168,"Hamtramck, Michigan",42.4122,-83.0583,2021-07-08 08:34:55+00:00,2021-07-08
2021-07-08 16:55:14 UTC,69.200.224.79,"Astoria, New York",40.7706,-73.9265,2021-07-08 16:55:14+00:00,2021-07-08
2021-07-08 17:55:16 UTC,69.200.224.79,"Astoria, New York",40.7706,-73.9265,2021-07-08 17:55:16+00:00,2021-07-08
2021-07-08 20:42:41 UTC,69.200.224.79,"Astoria, New York",40.7706,-73.9265,2021-07-08 20:42:41+00:00,2021-07-08
2021-07-08 22:11:23 UTC,69.200.224.79,"Astoria, New York",40.7706,-73.9265,2021-07-08 22:11:23+00:00,2021-07-08
2021-07-08 23:15:27 UTC,69.200.224.79,"Astoria, New York",40.7706,-73.9265,2021-07-08 23:15:27+00:00,2021-07-08
2021-07-09 00:45:06 UTC,107.242.117.30,"None, New Jersey",40.7064,-74.2111,2021-07-09 00:45:06+00:00,2021-07-09
2021-07-09 02:07:37 UTC,107.242.117.30,"None, New Jersey",40.7064,-74.2111,2021-07-09 02:07:37+00:00,2021-07-09
2021-07-09 03:07:44 UTC,107.242.117.30,"None, New Jersey",40.7064,-74.2111,2021-07-09 03:07:44+00:00,2021-07-09
2021-07-09 04:07:47 UTC,107.242.117.30,"None, New Jersey",40.7064,-74.2111,2021-07-09 04:07:47+00:00,2021-07-09
2021-07-09 05:43:06 UTC,107.242.117.30,"None, New Jersey",40.7064,-74.2111,2021-07-09 05:43:06+00:00,2021-07-09
2021-07-09 13:17:19 UTC,69.200.224.79,"Astoria, New York",40.7706,-73.9265,2021-07-09 13:17:19+00:00,2021-07-09
2021-07-09 14:57:08 UTC,69.200.224.79,"Astoria, New York",40.7706,-73.9265,2021-07-09 14:57:08+00:00,2021-07-09
2021-07-09 16:13:53 UTC,69.200.224.79,"Astoria, New York",40.7706,-73.9265,2021-07-09 16:13:53+00:00,2021-07-09
2021-07-09 23:24:24 UTC,69.200.224.79,"Astoria, New York",40.7706,-73.9265,2021-07-09 23:24:24+00:00,2021-07-09
2021-07-10 15:05:35 UTC,107.242.117.26,"None, New Jersey",40.7064,-74.2111,2021-07-10 15:05:35+00:00,2021-07-10
2021-07-10 15:53:17 UTC,69.200.224.79,"Astoria, New York",40.7706,-73.9265,2021-07-10 15:53:17+00:00,2021-07-10
2021-07-10 17:17:46 UTC,69.200.224.79,"Astoria, New York",40.7706,-73.9265,2021-07-10 17:17:46+00:00,2021-07-10
2021-07-10 18:27:25 UTC,69.200.224.79,"Astoria, New York",40.7706,-73.9265,2021-07-10 18:27:25+00:00,2021-07-10
2021-07-10 20:19:54 UTC,69.200.224.79,"Astoria, New York",40.7706,-73.9265,2021-07-10 20:19:54+00:00,2021-07-10
2021-07-10 21:30:10 UTC,107.242.117.26,"None, New Jersey",40.7064,-74.2111,2021-07-10 21:30:10+00:00,2021-07-10
2021-07-10 23:05:45 UTC,107.242.117.26,"None, New Jersey",40.7064,-74.2111,2021-07-10 23:05:45+00:00,2021-07-10
2021-07-11 00:59:49 UTC,69.200.224.79,"Astoria, New York",40.7706,-73.9265,2021-07-11 00:59:49+00:00,2021-07-11
2021-07-11 12:41:10 UTC,69.200.224.79,"Astoria, New York",40.7706,-73.9265,2021-07-11 12:41:10+00:00,2021-07-11
2021-07-11 14:07:58 UTC,69.200.224.79,"Astoria, New York",40.7706,-73.9265,2021-07-11 14:07:58+00:00,2021-07-11
2021-07-11 15:09:57 UTC,69.200.224.79,"Astoria, New York",40.7706,-73.9265,2021-07-11 15:09:57+00:00,2021-07-11
2021-07-11 16:23:11 UTC,69.200.224.79,"Astoria, New York",40.7706,-73.9265,2021-07-11 16:23:11+00:00,2021-07-11
2021-07-11 17:44:20 UTC,69.200.224.79,"Astoria, New York",40.7706,-73.9265,2021-07-11 17:44:20+00:00,2021-07-11
2021-07-11 19:19:29 UTC,69.200.224.79,"Astoria, New York",40.7706,-73.9265,2021-07-11 19:19:29+00:00,2021-07-11
2021-07-11 19:41:14 UTC,107.242.117.26,"None, New Jersey",40.7064,-74.2111,2021-07-11 19:41:14+00:00,2021-07-11
2021-07-11 21:02:40 UTC,107.242.117.26,"None, New Jersey",40.7064,-74.2111,2021-07-11 21:02:40+00:00,2021-07-11
2021-07-11 22:29:03 UTC,107.242.117.25,"None, New Jersey",40.7064,-74.2111,2021-07-11 22:29:03+00:00,2021-07-11
2021-07-11 23:29:31 UTC,107.242.117.25,"None, New Jersey",40.7064,-74.2111,2021-07-11 23:29:31+00:00,2021-07-11
2021-07-12 00:00:30 UTC,69.200.224.79,"Astoria, New York",40.7706,-73.9265,2021-07-12 00:00:30+00:00,2021-07-12
2021-07-12 01:18:40 UTC,69.200.224.79,"Astoria, New York",40.7706,-73.9265,2021-07-12 01:18:40+00:00,2021-07-12
2021-07-12 02:37:11 UTC,69.200.224.79,"Astoria, New York",40.7706,-73.9265,2021-07-12 02:37:11+00:00,2021-07-12
2021-07-12 13:59:37 UTC,69.200.224.79,"Astoria, New York",40.7706,-73.9265,2021-07-12 13:59:37+00:00,2021-07-12
2021-07-12 15:27:08 UTC,69.200.224.79,"Astoria, New York",40.7706,-73.9265,2021-07-12 15:27:08+00:00,2021-07-12
2021-07-12 16:28:08 UTC,69.200.224.79,"Astoria, New York",40.7706,-73.9265,2021-07-12 16:28:08+00:00,2021-07-12
2021-07-12 17:38:33 UTC,69.200.224.79,"Astoria, New York",40.7706,-73.9265,2021-07-12 17:38:33+00:00,2021-07-12
2021-07-12 18:46:39 UTC,69.200.224.79,"Astoria, New York",40.7706,-73.9265,2021-07-12 18:46:39+00:00,2021-07-12
2021-07-12 22:19:45 UTC,107.242.117.30,"None, New Jersey",40.7064,-74.2111,2021-07-12 22:19:45+00:00,2021-07-12
2021-07-12 23:22:48 UTC,107.242.117.30,"None, New Jersey",40.7064,-74.2111,2021-07-12 23:22:48+00:00,2021-07-12
2021-07-13 02:23:48 UTC,107.242.117.30,"None, New Jersey",40.7064,-74.2111,2021-07-13 02:23:48+00:00,2021-07-13
2021-07-13 03:03:39 UTC,69.200.224.79,"Astoria, New York",40.7706,-73.9265,2021-07-13 03:03:39+00:00,2021-07-13
2021-07-13 09:55:45 UTC,69.200.224.79,"Astoria, New York",40.7706,-73.9265,2021-07-13 09:55:45+00:00,2021-07-13
2021-07-13 10:31:57 UTC,107.242.117.30,"None, New Jersey",40.7064,-74.2111,2021-07-13 10:31:57+00:00,2021-07-13
2021-07-13 11:33:56 UTC,107.242.117.30,"None, New Jersey",40.7064,-74.2111,2021-07-13 11:33:56+00:00,2021-07-13
2021-07-13 12:45:02 UTC,107.242.117.39,"None, New Jersey",40.7064,-74.2111,2021-07-13 12:45:02+00:00,2021-07-13
2021-07-13 21:39:21 UTC,107.77.241.8,"None, Tennessee",36.1671,-86.7844,2021-07-13 21:39:21+00:00,2021-07-13
2021-07-13 23:10:08 UTC,68.43.249.168,"Hamtramck, Michigan",42.4122,-83.0583,2021-07-13 23:10:08+00:00,2021-07-13
2021-07-14 00:11:33 UTC,68.43.249.168,"Hamtramck, Michigan",42.4122,-83.0583,2021-07-14 00:11:33+00:00,2021-07-14
2021-07-14 01:35:51 UTC,68.43.249.168,"Hamtramck, Michigan",42.4122,-83.0583,2021-07-14 01:35:51+00:00,2021-07-14
2021-07-14 04:31:44 UTC,68.43.249.168,"Hamtramck, Michigan",42.4122,-83.0583,2021-07-14 04:31:44+00:00,2021-07-14
2021-07-14 08:31:30 UTC,68.43.249.168,"Hamtramck, Michigan",42.4122,-83.0583,2021-07-14 08:31:30+00:00,2021-07-14
2021-07-14 14:30:12 UTC,68.43.249.168,"Hamtramck, Michigan",42.4122,-83.0583,2021-07-14 14:30:12+00:00,2021-07-14
2021-07-14 17:17:12 UTC,68.43.249.168,"Hamtramck, Michigan",42.4122,-83.0583,2021-07-14 17:17:12+00:00,2021-07-14
2021-07-14 19:06:48 UTC,68.43.249.168,"Hamtramck, Michigan",42.4122,-83.0583,2021-07-14 19:06:48+00:00,2021-07-14
2021-07-14 20:23:10 UTC,68.43.249.168,"Hamtramck, Michigan",42.4122,-83.0583,2021-07-14 20:23:10+00:00,2021-07-14
2021-07-14 22:34:50 UTC,68.43.249.168,"Hamtramck, Michigan",42.4122,-83.0583,2021-07-14 22:34:50+00:00,2021-07-14
2021-07-15 00:32:21 UTC,68.43.249.168,"Hamtramck, Michigan",42.4122,-83.0583,2021-07-15 00:32:21+00:00,2021-07-15
2021-07-15 01:34:56 UTC,68.43.249.168,"Hamtramck, Michigan",42.4122,-83.0583,2021-07-15 01:34:56+00:00,2021-07-15
2021-07-15 02:57:30 UTC,68.43.249.168,"Hamtramck, Michigan",42.4122,-83.0583,2021-07-15 02:57:30+00:00,2021-07-15
2021-07-15 04:45:36 UTC,68.43.249.168,"Hamtramck, Michigan",42.4122,-83.0583,2021-07-15 04:45:36+00:00,2021-07-15
2021-07-15 08:42:55 UTC,68.43.249.168,"Hamtramck, Michigan",42.4122,-83.0583,2021-07-15 08:42:55+00:00,2021-07-15
2021-07-15 14:30:05 UTC,68.43.249.168,"Hamtramck, Michigan",42.4122,-83.0583,2021-07-15 14:30:05+00:00,2021-07-15
2021-07-15 15:43:40 UTC,68.43.249.168,"Hamtramck, Michigan",42.4122,-83.0583,2021-07-15 15:43:40+00:00,2021-07-15
2021-07-15 16:56:15 UTC,68.43.249.168,"Hamtramck, Michigan",42.4122,-83.0583,2021-07-15 16:56:15+00:00,2021-07-15
2021-07-15 18:07:12 UTC,68.43.249.168,"Hamtramck, Michigan",42.4122,-83.0583,2021-07-15 18:07:12+00:00,2021-07-15
2021-07-15 20:06:07 UTC,68.43.249.168,"Hamtramck, Michigan",42.4122,-83.0583,2021-07-15 20:06:07+00:00,2021-07-15
2021-07-15 22:29:13 UTC,68.43.249.168,"Hamtramck, Michigan",42.4122,-83.0583,2021-07-15 22:29:13+00:00,2021-07-15
2021-07-15 23:37:28 UTC,68.43.249.168,"Hamtramck, Michigan",42.4122,-83.0583,2021-07-15 23:37:28+00:00,2021-07-15
2021-07-16 01:01:00 UTC,68.43.249.168,"Hamtramck, Michigan",42.4122,-83.0583,2021-07-16 01:01:00+00:00,2021-07-16
2021-07-16 02:01:11 UTC,68.43.249.168,"Hamtramck, Michigan",42.4122,-83.0583,2021-07-16 02:01:11+00:00,2021-07-16
2021-07-16 04:13:04 UTC,68.43.249.168,"Hamtramck, Michigan",42.4122,-83.0583,2021-07-16 04:13:04+00:00,2021-07-16
2021-07-16 10:07:59 UTC,68.43.249.168,"Hamtramck, Michigan",42.4122,-83.0583,2021-07-16 10:07:59+00:00,2021-07-16
2021-07-16 13:04:08 UTC,68.43.249.168,"Hamtramck, Michigan",42.4122,-83.0583,2021-07-16 13:04:08+00:00,2021-07-16
2021-07-16 15:15:12 UTC,68.43.249.168,"Hamtramck, Michigan",42.4122,-83.0583,2021-07-16 15:15:12+00:00,2021-07-16
2021-07-16 16:37:50 UTC,68.43.249.168,"Hamtramck, Michigan",42.4122,-83.0583,2021-07-16 16:37:50+00:00,2021-07-16
2021-07-16 17:45:09 UTC,68.43.249.168,"Hamtramck, Michigan",42.4122,-83.0583,2021-07-16 17:45:09+00:00,2021-07-16
2021-07-16 18:54:01 UTC,68.43.249.168,"Hamtramck, Michigan",42.4122,-83.0583,2021-07-16 18:54:01+00:00,2021-07-16
2021-07-16 20:05:15 UTC,68.43.249.168,"Hamtramck, Michigan",42.4122,-83.0583,2021-07-16 20:05:15+00:00,2021-07-16
2021-07-16 21:15:41 UTC,68.43.249.168,"Hamtramck, Michigan",42.4122,-83.0583,2021-07-16 21:15:41+00:00,2021-07-16
2021-07-16 22:21:57 UTC,68.43.249.168,"Hamtramck, Michigan",42.4122,-83.0583,2021-07-16 22:21:57+00:00,2021-07-16
2021-07-17 00:42:12 UTC,68.43.249.168,"Hamtramck, Michigan",42.4122,-83.0583,2021-07-17 00:42:12+00:00,2021-07-17
2021-07-17 01:55:52 UTC,68.43.249.168,"Hamtramck, Michigan",42.4122,-83.0583,2021-07-17 01:55:52+00:00,2021-07-17
2021-07-17 04:22:38 UTC,68.43.249.168,"Hamtramck, Michigan",42.4122,-83.0583,2021-07-17 04:22:38+00:00,2021-07-17
2021-07-17 06:11:04 UTC,68.43.249.168,"Hamtramck, Michigan",42.4122,-83.0583,2021-07-17 06:11:04+00:00,2021-07-17
2021-07-17 10:01:24 UTC,68.43.249.168,"Hamtramck, Michigan",42.4122,-83.0583,2021-07-17 10:01:24+00:00,2021-07-17
2021-07-17 11:28:12 UTC,68.43.249.168,"Hamtramck, Michigan",42.4122,-83.0583,2021-07-17 11:28:12+00:00,2021-07-17
2021-07-17 12:41:07 UTC,68.43.249.168,"Hamtramck, Michigan",42.4122,-83.0583,2021-07-17 12:41:07+00:00,2021-07-17
2021-07-17 13:50:53 UTC,68.43.249.168,"Hamtramck, Michigan",42.4122,-83.0583,2021-07-17 13:50:53+00:00,2021-07-17
2021-07-17 14:50:53 UTC,68.43.249.168,"Hamtramck, Michigan",42.4122,-83.0583,2021-07-17 14:50:53+00:00,2021-07-17
2021-07-17 16:36:07 UTC,68.43.249.168,"Hamtramck, Michigan",42.4122,-83.0583,2021-07-17 16:36:07+00:00,2021-07-17
2021-07-17 18:45:10 UTC,68.43.249.168,"Hamtramck, Michigan",42.4122,-83.0583,2021-07-17 18:45:10+00:00,2021-07-17
2021-07-17 20:50:53 UTC,68.43.249.168,"Hamtramck, Michigan",42.4122,-83.0583,2021-07-17 20:50:53+00:00,2021-07-17
2021-07-18 00:28:35 UTC,68.43.249.168,"Hamtramck, Michigan",42.4122,-83.0583,2021-07-18 00:28:35+00:00,2021-07-18
2021-07-18 09:31:24 UTC,68.43.249.168,"Hamtramck, Michigan",42.4122,-83.0583,2021-07-18 09:31:24+00:00,2021-07-18
2021-07-18 12:29:35 UTC,68.43.249.168,"Hamtramck, Michigan",42.4122,-83.0583,2021-07-18 12:29:35+00:00,2021-07-18
2021-07-18 14:01:30 UTC,68.43.249.168,"Hamtramck, Michigan",42.4122,-83.0583,2021-07-18 14:01:30+00:00,2021-07-18
2021-07-18 17:53:30 UTC,68.43.249.168,"Hamtramck, Michigan",42.4122,-83.0583,2021-07-18 17:53:30+00:00,2021-07-18
2021-07-18 20:44:53 UTC,69.136.134.193,"Detroit, Michigan",42.3914,-83.15,2021-07-18 20:44:53+00:00,2021-07-18
2021-07-18 20:51:43 UTC,208.75.19.158,"Ann Arbor, Michigan",42.2709,-83.7282,2021-07-18 20:51:43+00:00,2021-07-18
2021-07-18 22:21:16 UTC,208.75.19.158,"Ann Arbor, Michigan",42.2709,-83.7282,2021-07-18 22:21:16+00:00,2021-07-18
2021-07-19 00:57:35 UTC,208.75.19.158,"Ann Arbor, Michigan",42.2709,-83.7282,2021-07-19 00:57:35+00:00,2021-07-19
2021-07-19 04:04:09 UTC,69.136.135.40,"Detroit, Michigan",42.3914,-83.15,2021-07-19 04:04:09+00:00,2021-07-19
2021-07-19 05:04:10 UTC,208.75.19.158,"Ann Arbor, Michigan",42.2709,-83.7282,2021-07-19 05:04:10+00:00,2021-07-19
2021-07-19 18:01:00 UTC,208.75.19.158,"Ann Arbor, Michigan",42.2709,-83.7282,2021-07-19 18:01:00+00:00,2021-07-19
2021-07-19 19:03:49 UTC,208.75.19.158,"Ann Arbor, Michigan",42.2709,-83.7282,2021-07-19 19:03:49+00:00,2021-07-19
2021-07-19 20:10:16 UTC,208.75.19.158,"Ann Arbor, Michigan",42.2709,-83.7282,2021-07-19 20:10:16+00:00,2021-07-19
2021-07-19 23:45:17 UTC,208.75.19.158,"Ann Arbor, Michigan",42.2709,-83.7282,2021-07-19 23:45:17+00:00,2021-07-19
2021-07-20 02:10:07 UTC,208.75.19.158,"Ann Arbor, Michigan",42.2709,-83.7282,2021-07-20 02:10:07+00:00,2021-07-20
2021-07-20 03:20:01 UTC,208.75.19.158,"Ann Arbor, Michigan",42.2709,-83.7282,2021-07-20 03:20:01+00:00,2021-07-20
2021-07-20 11:59:45 UTC,208.75.19.158,"Ann Arbor, Michigan",42.2709,-83.7282,2021-07-20 11:59:45+00:00,2021-07-20
2021-07-20 14:16:34 UTC,208.75.19.158,"Ann Arbor, Michigan",42.2709,-83.7282,2021-07-20 14:16:34+00:00,2021-07-20
2021-07-20 16:56:21 UTC,208.75.19.158,"Ann Arbor, Michigan",42.2709,-83.7282,2021-07-20 16:56:21+00:00,2021-07-20
2021-07-20 17:56:29 UTC,208.75.19.158,"Ann Arbor, Michigan",42.2709,-83.7282,2021-07-20 17:56:29+00:00,2021-07-20
2021-07-20 18:57:19 UTC,208.75.19.158,"Ann Arbor, Michigan",42.2709,-83.7282,2021-07-20 18:57:19+00:00,2021-07-20
2021-07-20 19:43:23 UTC,35.1.14.235,"Ann Arbor, Michigan",42.2709,-83.7068,2021-07-20 19:43:23+00:00,2021-07-20
2021-07-20 21:03:10 UTC,208.75.19.158,"Ann Arbor, Michigan",42.2709,-83.7282,2021-07-20 21:03:10+00:00,2021-07-20
2021-07-20 22:08:27 UTC,208.75.19.158,"Ann Arbor, Michigan",42.2709,-83.7282,2021-07-20 22:08:27+00:00,2021-07-20
2021-07-20 23:14:54 UTC,208.75.19.158,"Ann Arbor, Michigan",42.2709,-83.7282,2021-07-20 23:14:54+00:00,2021-07-20
2021-07-21 00:20:10 UTC,208.75.19.158,"Ann Arbor, Michigan",42.2709,-83.7282,2021-07-21 00:20:10+00:00,2021-07-21
2021-07-21 02:07:04 UTC,208.75.19.158,"Ann Arbor, Michigan",42.2709,-83.7282,2021-07-21 02:07:04+00:00,2021-07-21
2021-07-21 03:15:32 UTC,208.75.19.158,"Ann Arbor, Michigan",42.2709,-83.7282,2021-07-21 03:15:32+00:00,2021-07-21
2021-07-21 12:41:30 UTC,208.75.19.158,"Ann Arbor, Michigan",42.2709,-83.7282,2021-07-21 12:41:30+00:00,2021-07-21
2021-07-21 13:51:53 UTC,208.75.19.158,"Ann Arbor, Michigan",42.2709,-83.7282,2021-07-21 13:51:53+00:00,2021-07-21
2021-07-21 15:29:31 UTC,208.75.19.158,"Ann Arbor, Michigan",42.2709,-83.7282,2021-07-21 15:29:31+00:00,2021-07-21
2021-07-21 17:42:32 UTC,208.75.19.158,"Ann Arbor, Michigan",42.2709,-83.7282,2021-07-21 17:42:32+00:00,2021-07-21
2021-07-21 18:45:05 UTC,208.75.19.158,"Ann Arbor, Michigan",42.2709,-83.7282,2021-07-21 18:45:05+00:00,2021-07-21
2021-07-21 19:46:11 UTC,208.75.19.158,"Ann Arbor, Michigan",42.2709,-83.7282,2021-07-21 19:46:11+00:00,2021-07-21
2021-07-21 21:01:14 UTC,69.136.132.200,"Detroit, Michigan",42.3914,-83.15,2021-07-21 21:01:14+00:00,2021-07-21
2021-07-21 21:37:42 UTC,35.3.0.224,"Ann Arbor, Michigan",42.2804,-83.7068,2021-07-21 21:37:42+00:00,2021-07-21
2021-07-21 22:57:59 UTC,208.75.19.158,"Ann Arbor, Michigan",42.2709,-83.7282,2021-07-21 22:57:59+00:00,2021-07-21
2021-07-22 00:26:26 UTC,208.75.19.158,"Ann Arbor, Michigan",42.2709,-83.7282,2021-07-22 00:26:26+00:00,2021-07-22
2021-07-22 01:27:35 UTC,208.75.19.158,"Ann Arbor, Michigan",42.2709,-83.7282,2021-07-22 01:27:35+00:00,2021-07-22
2021-07-22 02:47:25 UTC,208.75.19.158,"Ann Arbor, Michigan",42.2709,-83.7282,2021-07-22 02:47:25+00:00,2021-07-22
2021-07-22 03:53:03 UTC,208.75.19.158,"Ann Arbor, Michigan",42.2709,-83.7282,2021-07-22 03:53:03+00:00,2021-07-22
2021-07-22 05:38:49 UTC,208.75.19.158,"Ann Arbor, Michigan",42.2709,-83.7282,2021-07-22 05:38:49+00:00,2021-07-22
2021-07-22 12:14:42 UTC,208.75.19.158,"Ann Arbor, Michigan",42.2709,-83.7282,2021-07-22 12:14:42+00:00,2021-07-22
2021-07-22 13:31:00 UTC,208.75.19.158,"Ann Arbor, Michigan",42.2709,-83.7282,2021-07-22 13:31:00+00:00,2021-07-22
2021-07-22 20:00:18 UTC,208.75.19.158,"Ann Arbor, Michigan",42.2709,-83.7282,2021-07-22 20:00:18+00:00,2021-07-22
2021-07-22 21:13:21 UTC,208.75.19.158,"Ann Arbor, Michigan",42.2709,-83.7282,2021-07-22 21:13:21+00:00,2021-07-22
2021-07-22 22:41:13 UTC,35.3.0.224,"Ann Arbor, Michigan",42.2804,-83.7068,2021-07-22 22:41:13+00:00,2021-07-22
2021-07-22 23:30:15 UTC,208.75.19.158,"Ann Arbor, Michigan",42.2709,-83.7282,2021-07-22 23:30:15+00:00,2021-07-22
2021-07-23 00:33:53 UTC,208.75.19.158,"Ann Arbor, Michigan",42.2709,-83.7282,2021-07-23 00:33:53+00:00,2021-07-23
2021-07-23 02:03:21 UTC,208.75.19.158,"Ann Arbor, Michigan",42.2709,-83.7282,2021-07-23 02:03:21+00:00,2021-07-23
2021-07-23 04:44:03 UTC,208.75.19.158,"Ann Arbor, Michigan",42.2709,-83.7282,2021-07-23 04:44:03+00:00,2021-07-23
2021-07-23 06:42:40 UTC,208.75.19.158,"Ann Arbor, Michigan",42.2709,-83.7282,2021-07-23 06:42:40+00:00,2021-07-23
2021-07-23 12:19:25 UTC,208.75.19.158,"Ann Arbor, Michigan",42.2709,-83.7282,2021-07-23 12:19:25+00:00,2021-07-23
2021-07-23 14:14:58 UTC,208.75.19.158,"Ann Arbor, Michigan",42.2709,-83.7282,2021-07-23 14:14:58+00:00,2021-07-23
2021-07-23 17:17:51 UTC,208.75.19.158,"Ann Arbor, Michigan",42.2709,-83.7282,2021-07-23 17:17:51+00:00,2021-07-23
2021-07-23 19:07:04 UTC,208.75.19.158,"Ann Arbor, Michigan",42.2709,-83.7282,2021-07-23 19:07:04+00:00,2021-07-23
2021-07-23 20:10:01 UTC,208.75.19.158,"Ann Arbor, Michigan",42.2709,-83.7282,2021-07-23 20:10:01+00:00,2021-07-23
2021-07-23 22:19:26 UTC,208.75.19.158,"Ann Arbor, Michigan",42.2709,-83.7282,2021-07-23 22:19:26+00:00,2021-07-23
2021-07-24 01:53:13 UTC,208.75.19.158,"Ann Arbor, Michigan",42.2709,-83.7282,2021-07-24 01:53:13+00:00,2021-07-24
2021-07-24 03:05:02 UTC,208.75.19.158,"Ann Arbor, Michigan",42.2709,-83.7282,2021-07-24 03:05:02+00:00,2021-07-24
2021-07-24 06:09:54 UTC,208.75.19.158,"Ann Arbor, Michigan",42.2709,-83.7282,2021-07-24 06:09:54+00:00,2021-07-24
2021-07-24 13:18:07 UTC,208.75.19.158,"Ann Arbor, Michigan",42.2709,-83.7282,2021-07-24 13:18:07+00:00,2021-07-24
2021-07-24 14:30:16 UTC,208.75.19.158,"Ann Arbor, Michigan",42.2709,-83.7282,2021-07-24 14:30:16+00:00,2021-07-24
2021-07-24 16:35:17 UTC,208.75.19.158,"Ann Arbor, Michigan",42.2709,-83.7282,2021-07-24 16:35:17+00:00,2021-07-24
2021-07-24 20:25:16 UTC,208.75.19.158,"Ann Arbor, Michigan",42.2709,-83.7282,2021-07-24 20:25:16+00:00,2021-07-24
2021-07-24 23:42:41 UTC,208.75.19.158,"Ann Arbor, Michigan",42.2709,-83.7282,2021-07-24 23:42:41+00:00,2021-07-24
2021-07-25 04:35:09 UTC,208.75.19.158,"Ann Arbor, Michigan",42.2709,-83.7282,2021-07-25 04:35:09+00:00,2021-07-25
2021-07-25 19:05:05 UTC,208.75.19.158,"Ann Arbor, Michigan",42.2709,-83.7282,2021-07-25 19:05:05+00:00,2021-07-25
2021-07-25 20:12:08 UTC,208.75.19.158,"Ann Arbor, Michigan",42.2709,-83.7282,2021-07-25 20:12:08+00:00,2021-07-25
2021-07-25 22:05:34 UTC,208.75.19.158,"Ann Arbor, Michigan",42.2709,-83.7282,2021-07-25 22:05:34+00:00,2021-07-25
2021-07-25 23:16:56 UTC,208.75.19.158,"Ann Arbor, Michigan",42.2709,-83.7282,2021-07-25 23:16:56+00:00,2021-07-25
2021-07-26 01:41:55 UTC,208.75.19.158,"Ann Arbor, Michigan",42.2709,-83.7282,2021-07-26 01:41:55+00:00,2021-07-26
2021-07-26 03:05:00 UTC,208.75.19.158,"Ann Arbor, Michigan",42.2709,-83.7282,2021-07-26 03:05:00+00:00,2021-07-26
2021-07-26 04:15:01 UTC,208.75.19.158,"Ann Arbor, Michigan",42.2709,-83.7282,2021-07-26 04:15:01+00:00,2021-07-26
2021-07-26 12:07:49 UTC,208.75.19.158,"Ann Arbor, Michigan",42.2709,-83.7282,2021-07-26 12:07:49+00:00,2021-07-26
2021-07-26 15:31:55 UTC,208.75.19.158,"Ann Arbor, Michigan",42.2709,-83.7282,2021-07-26 15:31:55+00:00,2021-07-26
2021-07-26 16:46:45 UTC,208.75.19.158,"Ann Arbor, Michigan",42.2709,-83.7282,2021-07-26 16:46:45+00:00,2021-07-26
2021-07-26 20:16:30 UTC,35.1.121.137,"Ann Arbor, Michigan",42.2804,-83.7068,2021-07-26 20:16:30+00:00,2021-07-26
2021-07-26 22:17:58 UTC,208.75.19.158,"Ann Arbor, Michigan",42.2709,-83.7282,2021-07-26 22:17:58+00:00,2021-07-26
2021-07-27 00:22:27 UTC,208.75.19.158,"Ann Arbor, Michigan",42.2709,-83.7282,2021-07-27 00:22:27+00:00,2021-07-27
2021-07-27 11:32:25 UTC,208.75.19.158,"Ann Arbor, Michigan",42.2709,-83.7282,2021-07-27 11:32:25+00:00,2021-07-27
2021-07-27 14:43:10 UTC,208.75.19.158,"Ann Arbor, Michigan",42.2709,-83.7282,2021-07-27 14:43:10+00:00,2021-07-27
2021-07-27 17:38:01 UTC,208.75.19.158,"Ann Arbor, Michigan",42.2709,-83.7282,2021-07-27 17:38:01+00:00,2021-07-27
2021-07-27 18:56:53 UTC,208.75.19.158,"Ann Arbor, Michigan",42.2709,-83.7282,2021-07-27 18:56:53+00:00,2021-07-27
2021-07-27 19:43:23 UTC,69.136.135.8,"Detroit, Michigan",42.3914,-83.15,2021-07-27 19:43:23+00:00,2021-07-27
2021-07-27 22:25:05 UTC,208.75.19.158,"Ann Arbor, Michigan",42.2709,-83.7282,2021-07-27 22:25:05+00:00,2021-07-27
2021-07-27 23:41:46 UTC,208.75.19.158,"Ann Arbor, Michigan",42.2709,-83.7282,2021-07-27 23:41:46+00:00,2021-07-27
2021-07-28 01:00:35 UTC,208.75.19.158,"Ann Arbor, Michigan",42.2709,-83.7282,2021-07-28 01:00:35+00:00,2021-07-28
2021-07-28 02:22:10 UTC,208.75.19.158,"Ann Arbor, Michigan",42.2709,-83.7282,2021-07-28 02:22:10+00:00,2021-07-28
2021-07-28 03:42:20 UTC,208.75.19.158,"Ann Arbor, Michigan",42.2709,-83.7282,2021-07-28 03:42:20+00:00,2021-07-28
2021-07-28 05:33:15 UTC,208.75.19.158,"Ann Arbor, Michigan",42.2709,-83.7282,2021-07-28 05:33:15+00:00,2021-07-28
2021-07-28 12:11:58 UTC,208.75.19.158,"Ann Arbor, Michigan",42.2709,-83.7282,2021-07-28 12:11:58+00:00,2021-07-28
2021-07-28 15:21:39 UTC,208.75.19.158,"Ann Arbor, Michigan",42.2709,-83.7282,2021-07-28 15:21:39+00:00,2021-07-28
2021-07-28 16:24:31 UTC,208.75.19.158,"Ann Arbor, Michigan",42.2709,-83.7282,2021-07-28 16:24:31+00:00,2021-07-28
2021-07-28 18:04:48 UTC,208.75.19.158,"Ann Arbor, Michigan",42.2709,-83.7282,2021-07-28 18:04:48+00:00,2021-07-28
2021-07-28 19:23:42 UTC,208.75.19.158,"Ann Arbor, Michigan",42.2709,-83.7282,2021-07-28 19:23:42+00:00,2021-07-28
2021-07-28 20:32:03 UTC,35.1.121.137,"Ann Arbor, Michigan",42.2804,-83.7068,2021-07-28 20:32:03+00:00,2021-07-28
2021-07-28 22:21:40 UTC,208.75.19.158,"Ann Arbor, Michigan",42.2709,-83.7282,2021-07-28 22:21:40+00:00,2021-07-28
2021-07-29 01:17:28 UTC,208.75.19.158,"Ann Arbor, Michigan",42.2709,-83.7282,2021-07-29 01:17:28+00:00,2021-07-29
2021-07-29 13:16:18 UTC,208.75.19.158,"Ann Arbor, Michigan",42.2709,-83.7282,2021-07-29 13:16:18+00:00,2021-07-29
2021-07-29 14:26:49 UTC,208.75.19.158,"Ann Arbor, Michigan",42.2709,-83.7282,2021-07-29 14:26:49+00:00,2021-07-29
2021-07-29 15:31:20 UTC,208.75.19.158,"Ann Arbor, Michigan",42.2709,-83.7282,2021-07-29 15:31:20+00:00,2021-07-29
2021-07-29 17:19:44 UTC,208.75.19.158,"Ann Arbor, Michigan",42.2709,-83.7282,2021-07-29 17:19:44+00:00,2021-07-29
2021-07-29 18:22:40 UTC,208.75.19.158,"Ann Arbor, Michigan",42.2709,-83.7282,2021-07-29 18:22:40+00:00,2021-07-29
2021-07-29 20:26:00 UTC,208.75.19.158,"Ann Arbor, Michigan",42.2709,-83.7282,2021-07-29 20:26:00+00:00,2021-07-29
2021-07-29 22:32:45 UTC,208.75.19.158,"Ann Arbor, Michigan",42.2709,-83.7282,2021-07-29 22:32:45+00:00,2021-07-29
2021-07-29 22:38:16 UTC,35.1.118.231,"Ann Arbor, Michigan",42.2804,-83.7068,2021-07-29 22:38:16+00:00,2021-07-29
2021-07-30 02:43:54 UTC,208.75.19.158,"Ann Arbor, Michigan",42.2709,-83.7282,2021-07-30 02:43:54+00:00,2021-07-30
2021-07-30 04:37:52 UTC,208.75.19.158,"Ann Arbor, Michigan",42.2709,-83.7282,2021-07-30 04:37:52+00:00,2021-07-30
2021-07-30 15:01:35 UTC,208.75.19.158,"Ann Arbor, Michigan",42.2709,-83.7282,2021-07-30 15:01:35+00:00,2021-07-30
2021-07-30 17:24:10 UTC,208.75.19.158,"Ann Arbor, Michigan",42.2709,-83.7282,2021-07-30 17:24:10+00:00,2021-07-30
2021-07-30 18:32:30 UTC,208.75.19.158,"Ann Arbor, Michigan",42.2709,-83.7282,2021-07-30 18:32:30+00:00,2021-07-30
2021-07-30 20:01:16 UTC,208.75.19.158,"Ann Arbor, Michigan",42.2709,-83.7282,2021-07-30 20:01:16+00:00,2021-07-30
2021-07-30 21:25:06 UTC,35.1.121.137,"Ann Arbor, Michigan",42.2804,-83.7068,2021-07-30 21:25:06+00:00,2021-07-30
2021-07-30 23:11:54 UTC,208.75.19.158,"Ann Arbor, Michigan",42.2709,-83.7282,2021-07-30 23:11:54+00:00,2021-07-30
2021-07-31 13:09:47 UTC,69.136.133.109,"Detroit, Michigan",42.3914,-83.15,2021-07-31 13:09:47+00:00,2021-07-31
2021-07-31 14:41:31 UTC,35.2.117.37,"Ann Arbor, Michigan",42.2807,-83.7068,2021-07-31 14:41:31+00:00,2021-07-31
2021-07-31 16:32:01 UTC,208.75.19.158,"Ann Arbor, Michigan",42.2709,-83.7282,2021-07-31 16:32:01+00:00,2021-07-31
2021-07-31 17:42:30 UTC,208.75.19.158,"Ann Arbor, Michigan",42.2709,-83.7282,2021-07-31 17:42:30+00:00,2021-07-31
2021-07-31 19:36:30 UTC,208.75.19.158,"Ann Arbor, Michigan",42.2709,-83.7282,2021-07-31 19:36:30+00:00,2021-07-31
2021-07-31 20:07:28 UTC,35.1.85.6,"Ann Arbor, Michigan",42.3068,-83.7068,2021-07-31 20:07:28+00:00,2021-07-31
2021-07-31 23:05:20 UTC,208.75.19.158,"Ann Arbor, Michigan",42.2709,-83.7282,2021-07-31 23:05:20+00:00,2021-07-31
2021-08-01 00:16:02 UTC,208.75.19.158,"Ann Arbor, Michigan",42.2709,-83.7282,2021-08-01 00:16:02+00:00,2021-08-01
2021-08-01 11:48:40 UTC,208.75.19.158,"Ann Arbor, Michigan",42.2709,-83.7282,2021-08-01 11:48:40+00:00,2021-08-01
2021-08-01 21:09:15 UTC,208.75.19.158,"Ann Arbor, Michigan",42.2709,-83.7282,2021-08-01 21:09:15+00:00,2021-08-01
2021-08-01 23:27:50 UTC,208.75.19.158,"Ann Arbor, Michigan",42.2709,-83.7282,2021-08-01 23:27:50+00:00,2021-08-01
2021-08-02 12:22:56 UTC,208.75.19.158,"Ann Arbor, Michigan",42.2709,-83.7282,2021-08-02 12:22:56+00:00,2021-08-02
2021-08-02 16:47:09 UTC,208.75.19.158,"Ann Arbor, Michigan",42.2709,-83.7282,2021-08-02 16:47:09+00:00,2021-08-02
2021-08-02 17:49:53 UTC,208.75.19.158,"Ann Arbor, Michigan",42.2709,-83.7282,2021-08-02 17:49:53+00:00,2021-08-02
2021-08-02 19:50:54 UTC,208.75.19.158,"Ann Arbor, Michigan",42.2709,-83.7282,2021-08-02 19:50:54+00:00,2021-08-02
2021-08-02 22:02:36 UTC,69.136.133.62,"Detroit, Michigan",42.3914,-83.15,2021-08-02 22:02:36+00:00,2021-08-02
2021-08-03 14:17:19 UTC,208.75.19.158,"Ann Arbor, Michigan",42.2709,-83.7282,2021-08-03 14:17:19+00:00,2021-08-03
2021-08-03 15:17:51 UTC,208.75.19.158,"Ann Arbor, Michigan",42.2709,-83.7282,2021-08-03 15:17:51+00:00,2021-08-03
2021-08-03 19:28:14 UTC,208.75.19.158,"Ann Arbor, Michigan",42.2709,-83.7282,2021-08-03 19:28:14+00:00,2021-08-03
2021-08-04 01:54:22 UTC,208.75.19.158,"Ann Arbor, Michigan",42.2709,-83.7282,2021-08-04 01:54:22+00:00,2021-08-04
2021-08-04 12:31:17 UTC,208.75.19.158,"Ann Arbor, Michigan",42.2709,-83.7282,2021-08-04 12:31:17+00:00,2021-08-04
2021-08-04 17:03:10 UTC,208.75.19.158,"Ann Arbor, Michigan",42.2709,-83.7282,2021-08-04 17:03:10+00:00,2021-08-04
2021-08-04 18:03:20 UTC,208.75.19.158,"Ann Arbor, Michigan",42.2709,-83.7282,2021-08-04 18:03:20+00:00,2021-08-04
2021-08-04 19:26:03 UTC,208.75.19.158,"Ann Arbor, Michigan",42.2709,-83.7282,2021-08-04 19:26:03+00:00,2021-08-04
2021-08-04 20:28:10 UTC,208.75.19.158,"Ann Arbor, Michigan",42.2709,-83.7282,2021-08-04 20:28:10+00:00,2021-08-04
2021-08-04 21:25:04 UTC,35.1.44.201,"Ann Arbor, Michigan",42.4658,-83.7068,2021-08-04 21:25:04+00:00,2021-08-04
2021-08-04 22:26:16 UTC,35.1.44.201,"Ann Arbor, Michigan",42.4658,-83.7068,2021-08-04 22:26:16+00:00,2021-08-04
2021-08-04 22:39:38 UTC,208.75.19.158,"Ann Arbor, Michigan",42.2709,-83.7282,2021-08-04 22:39:38+00:00,2021-08-04
2021-08-05 13:10:55 UTC,208.75.19.158,"Ann Arbor, Michigan",42.2709,-83.7282,2021-08-05 13:10:55+00:00,2021-08-05
2021-08-05 14:13:36 UTC,208.75.19.158,"Ann Arbor, Michigan",42.2709,-83.7282,2021-08-05 14:13:36+00:00,2021-08-05
2021-08-05 18:00:32 UTC,208.75.19.158,"Ann Arbor, Michigan",42.2709,-83.7282,2021-08-05 18:00:32+00:00,2021-08-05
2021-08-05 19:21:35 UTC,69.136.134.233,"Detroit, Michigan",42.3914,-83.15,2021-08-05 19:21:35+00:00,2021-08-05
2021-08-05 22:38:30 UTC,208.75.19.158,"Ann Arbor, Michigan",42.2709,-83.7282,2021-08-05 22:38:30+00:00,2021-08-05
2021-08-06 01:00:18 UTC,208.75.19.158,"Ann Arbor, Michigan",42.2709,-83.7282,2021-08-06 01:00:18+00:00,2021-08-06
2021-08-06 02:10:52 UTC,208.75.19.158,"Ann Arbor, Michigan",42.2709,-83.7282,2021-08-06 02:10:52+00:00,2021-08-06
2021-08-06 03:34:51 UTC,208.75.19.158,"Ann Arbor, Michigan",42.2709,-83.7282,2021-08-06 03:34:51+00:00,2021-08-06
2021-08-06 04:41:51 UTC,208.75.19.158,"Ann Arbor, Michigan",42.2709,-83.7282,2021-08-06 04:41:51+00:00,2021-08-06
2021-08-06 12:36:18 UTC,208.75.19.158,"Ann Arbor, Michigan",42.2709,-83.7282,2021-08-06 12:36:18+00:00,2021-08-06
2021-08-06 14:36:07 UTC,208.75.19.158,"Ann Arbor, Michigan",42.2709,-83.7282,2021-08-06 14:36:07+00:00,2021-08-06
2021-08-06 15:55:02 UTC,208.75.19.158,"Ann Arbor, Michigan",42.2709,-83.7282,2021-08-06 15:55:02+00:00,2021-08-06
2021-08-06 17:17:55 UTC,208.75.19.158,"Ann Arbor, Michigan",42.2709,-83.7282,2021-08-06 17:17:55+00:00,2021-08-06
2021-08-06 19:42:20 UTC,208.75.19.158,"Ann Arbor, Michigan",42.2709,-83.7282,2021-08-06 19:42:20+00:00,2021-08-06
2021-08-06 22:23:15 UTC,208.75.19.158,"Ann Arbor, Michigan",42.2709,-83.7282,2021-08-06 22:23:15+00:00,2021-08-06
2021-08-06 23:23:31 UTC,208.75.19.158,"Ann Arbor, Michigan",42.2709,-83.7282,2021-08-06 23:23:31+00:00,2021-08-06
2021-08-07 04:59:01 UTC,208.75.19.158,"Ann Arbor, Michigan",42.2709,-83.7282,2021-08-07 04:59:01+00:00,2021-08-07
2021-08-07 14:05:43 UTC,208.75.19.158,"Ann Arbor, Michigan",42.2709,-83.7282,2021-08-07 14:05:43+00:00,2021-08-07
2021-08-07 16:29:50 UTC,208.75.19.158,"Ann Arbor, Michigan",42.2709,-83.7282,2021-08-07 16:29:50+00:00,2021-08-07
2021-08-07 17:20:35 UTC,35.1.26.252,"Ann Arbor, Michigan",42.2709,-83.7068,2021-08-07 17:20:35+00:00,2021-08-07
2021-08-07 18:30:54 UTC,35.1.26.252,"Ann Arbor, Michigan",42.2709,-83.7068,2021-08-07 18:30:54+00:00,2021-08-07
2021-08-07 19:19:28 UTC,208.75.19.158,"Ann Arbor, Michigan",42.2709,-83.7282,2021-08-07 19:19:28+00:00,2021-08-07
2021-08-07 21:21:23 UTC,208.75.19.158,"Ann Arbor, Michigan",42.2709,-83.7282,2021-08-07 21:21:23+00:00,2021-08-07
2021-08-07 22:24:31 UTC,208.75.19.158,"Ann Arbor, Michigan",42.2709,-83.7282,2021-08-07 22:24:31+00:00,2021-08-07
2021-08-08 05:29:47 UTC,208.75.19.158,"Ann Arbor, Michigan",42.2709,-83.7282,2021-08-08 05:29:47+00:00,2021-08-08
2021-08-08 16:02:21 UTC,208.75.19.158,"Ann Arbor, Michigan",42.2709,-83.7282,2021-08-08 16:02:21+00:00,2021-08-08
2021-08-08 17:23:38 UTC,208.75.19.158,"Ann Arbor, Michigan",42.2709,-83.7282,2021-08-08 17:23:38+00:00,2021-08-08
2021-08-08 18:27:09 UTC,208.75.19.158,"Ann Arbor, Michigan",42.2709,-83.7282,2021-08-08 18:27:09+00:00,2021-08-08
2021-08-08 19:29:07 UTC,208.75.19.158,"Ann Arbor, Michigan",42.2709,-83.7282,2021-08-08 19:29:07+00:00,2021-08-08
2021-08-08 20:54:37 UTC,208.75.19.158,"Ann Arbor, Michigan",42.2709,-83.7282,2021-08-08 20:54:37+00:00,2021-08-08
2021-08-09 12:25:28 UTC,208.75.19.158,"Ann Arbor, Michigan",42.2709,-83.7282,2021-08-09 12:25:28+00:00,2021-08-09
2021-08-09 14:31:40 UTC,208.75.19.158,"Ann Arbor, Michigan",42.2709,-83.7282,2021-08-09 14:31:40+00:00,2021-08-09
2021-08-09 15:56:44 UTC,208.75.19.158,"Ann Arbor, Michigan",42.2709,-83.7282,2021-08-09 15:56:44+00:00,2021-08-09
2021-08-09 16:59:50 UTC,208.75.19.158,"Ann Arbor, Michigan",42.2709,-83.7282,2021-08-09 16:59:50+00:00,2021-08-09
2021-08-09 18:35:41 UTC,208.75.19.158,"Ann Arbor, Michigan",42.2709,-83.7282,2021-08-09 18:35:41+00:00,2021-08-09
2021-08-09 22:10:22 UTC,208.75.19.158,"Ann Arbor, Michigan",42.2709,-83.7282,2021-08-09 22:10:22+00:00,2021-08-09
2021-08-10 02:28:13 UTC,35.1.26.252,"Ann Arbor, Michigan",42.2709,-83.7068,2021-08-10 02:28:13+00:00,2021-08-10
2021-08-10 02:49:22 UTC,208.75.19.158,"Ann Arbor, Michigan",42.2709,-83.7282,2021-08-10 02:49:22+00:00,2021-08-10
2021-08-10 14:01:52 UTC,208.75.19.158,"Ann Arbor, Michigan",42.2709,-83.7282,2021-08-10 14:01:52+00:00,2021-08-10
2021-08-10 15:12:56 UTC,208.75.19.158,"Ann Arbor, Michigan",42.2709,-83.7282,2021-08-10 15:12:56+00:00,2021-08-10
2021-08-10 17:17:59 UTC,208.75.19.158,"Ann Arbor, Michigan",42.2709,-83.7282,2021-08-10 17:17:59+00:00,2021-08-10
2021-08-10 18:28:33 UTC,208.75.19.158,"Ann Arbor, Michigan",42.2709,-83.7282,2021-08-10 18:28:33+00:00,2021-08-10
2021-08-10 19:33:09 UTC,208.75.19.158,"Ann Arbor, Michigan",42.2709,-83.7282,2021-08-10 19:33:09+00:00,2021-08-10
2021-08-10 20:35:15 UTC,35.1.26.252,"Ann Arbor, Michigan",42.2709,-83.7068,2021-08-10 20:35:15+00:00,2021-08-10
2021-08-10 21:19:50 UTC,69.136.135.34,"Detroit, Michigan",42.3914,-83.15,2021-08-10 21:19:50+00:00,2021-08-10
2021-08-10 23:10:18 UTC,208.75.19.158,"Ann Arbor, Michigan",42.2709,-83.7282,2021-08-10 23:10:18+00:00,2021-08-10
2021-08-11 02:11:23 UTC,208.75.19.158,"Ann Arbor, Michigan",42.2709,-83.7282,2021-08-11 02:11:23+00:00,2021-08-11
2021-08-11 12:29:29 UTC,208.75.19.158,"Ann Arbor, Michigan",42.2709,-83.7282,2021-08-11 12:29:29+00:00,2021-08-11
2021-08-11 13:34:56 UTC,208.75.19.158,"Ann Arbor, Michigan",42.2709,-83.7282,2021-08-11 13:34:56+00:00,2021-08-11
2021-08-11 14:41:56 UTC,208.75.19.158,"Ann Arbor, Michigan",42.2709,-83.7282,2021-08-11 14:41:56+00:00,2021-08-11
2021-08-11 17:15:30 UTC,208.75.19.158,"Ann Arbor, Michigan",42.2709,-83.7282,2021-08-11 17:15:30+00:00,2021-08-11
2021-08-11 18:31:16 UTC,208.75.19.158,"Ann Arbor, Michigan",42.2709,-83.7282,2021-08-11 18:31:16+00:00,2021-08-11
2021-08-11 20:37:12 UTC,208.75.19.158,"Ann Arbor, Michigan",42.2709,-83.7282,2021-08-11 20:37:12+00:00,2021-08-11
2021-08-12 00:23:33 UTC,35.1.83.244,"Ann Arbor, Michigan",42.3068,-83.7068,2021-08-12 00:23:33+00:00,2021-08-12
2021-08-12 00:35:54 UTC,69.136.132.210,"Detroit, Michigan",42.3914,-83.15,2021-08-12 00:35:54+00:00,2021-08-12
2021-08-12 00:38:21 UTC,208.75.19.158,"Ann Arbor, Michigan",42.2709,-83.7282,2021-08-12 00:38:21+00:00,2021-08-12
2021-08-12 01:52:39 UTC,69.136.134.250,"Detroit, Michigan",42.3914,-83.15,2021-08-12 01:52:39+00:00,2021-08-12
2021-08-12 12:42:35 UTC,208.75.19.158,"Ann Arbor, Michigan",42.2709,-83.7282,2021-08-12 12:42:35+00:00,2021-08-12
2021-08-12 23:45:41 UTC,208.75.19.158,"Ann Arbor, Michigan",42.2709,-83.7282,2021-08-12 23:45:41+00:00,2021-08-12
2021-08-13 03:38:03 UTC,208.75.19.158,"Ann Arbor, Michigan",42.2709,-83.7282,2021-08-13 03:38:03+00:00,2021-08-13
2021-08-13 12:00:36 UTC,208.75.19.158,"Ann Arbor, Michigan",42.2709,-83.7282,2021-08-13 12:00:36+00:00,2021-08-13
2021-08-13 14:37:50 UTC,208.75.19.158,"Ann Arbor, Michigan",42.2709,-83.7282,2021-08-13 14:37:50+00:00,2021-08-13
2021-08-13 19:15:13 UTC,208.75.19.158,"Ann Arbor, Michigan",42.2709,-83.7282,2021-08-13 19:15:13+00:00,2021-08-13
2021-08-13 23:53:12 UTC,68.43.249.168,"Hamtramck, Michigan",42.4122,-83.0583,2021-08-13 23:53:12+00:00,2021-08-13
2021-08-14 09:59:19 UTC,68.43.249.168,"Hamtramck, Michigan",42.4122,-83.0583,2021-08-14 09:59:19+00:00,2021-08-14
2021-08-14 14:46:55 UTC,69.136.134.239,"Detroit, Michigan",42.3914,-83.15,2021-08-14 14:46:55+00:00,2021-08-14
2021-08-14 15:49:01 UTC,68.43.249.168,"Hamtramck, Michigan",42.4122,-83.0583,2021-08-14 15:49:01+00:00,2021-08-14
2021-08-14 17:06:08 UTC,68.43.249.168,"Hamtramck, Michigan",42.4122,-83.0583,2021-08-14 17:06:08+00:00,2021-08-14
2021-08-14 18:14:33 UTC,69.136.134.172,"Detroit, Michigan",42.3914,-83.15,2021-08-14 18:14:33+00:00,2021-08-14
2021-08-14 21:31:50 UTC,68.43.249.168,"Hamtramck, Michigan",42.4122,-83.0583,2021-08-14 21:31:50+00:00,2021-08-14
2021-08-15 00:08:11 UTC,68.43.249.168,"Hamtramck, Michigan",42.4122,-83.0583,2021-08-15 00:08:11+00:00,2021-08-15
2021-08-15 01:35:09 UTC,68.43.249.168,"Hamtramck, Michigan",42.4122,-83.0583,2021-08-15 01:35:09+00:00,2021-08-15
2021-08-15 13:53:09 UTC,68.43.249.168,"Hamtramck, Michigan",42.4122,-83.0583,2021-08-15 13:53:09+00:00,2021-08-15
2021-08-15 15:02:58 UTC,68.43.249.168,"Hamtramck, Michigan",42.4122,-83.0583,2021-08-15 15:02:58+00:00,2021-08-15
2021-08-15 16:19:53 UTC,68.43.249.168,"Hamtramck, Michigan",42.4122,-83.0583,2021-08-15 16:19:53+00:00,2021-08-15
2021-08-15 17:21:44 UTC,68.43.249.168,"Hamtramck, Michigan",42.4122,-83.0583,2021-08-15 17:21:44+00:00,2021-08-15
2021-08-15 18:50:54 UTC,68.43.249.168,"Hamtramck, Michigan",42.4122,-83.0583,2021-08-15 18:50:54+00:00,2021-08-15
2021-08-16 13:45:46 UTC,68.43.249.168,"Hamtramck, Michigan",42.4122,-83.0583,2021-08-16 13:45:46+00:00,2021-08-16
2021-08-16 15:00:36 UTC,69.136.134.168,"Detroit, Michigan",42.3914,-83.15,2021-08-16 15:00:36+00:00,2021-08-16
2021-08-16 15:36:08 UTC,69.136.134.130,"Detroit, Michigan",42.3914,-83.15,2021-08-16 15:36:08+00:00,2021-08-16
2021-08-16 16:49:37 UTC,68.43.249.168,"Hamtramck, Michigan",42.4122,-83.0583,2021-08-16 16:49:37+00:00,2021-08-16
2021-08-16 18:22:52 UTC,68.43.249.168,"Hamtramck, Michigan",42.4122,-83.0583,2021-08-16 18:22:52+00:00,2021-08-16
2021-08-16 20:06:28 UTC,68.43.249.168,"Hamtramck, Michigan",42.4122,-83.0583,2021-08-16 20:06:28+00:00,2021-08-16
2021-08-16 22:02:13 UTC,68.43.249.168,"Hamtramck, Michigan",42.4122,-83.0583,2021-08-16 22:02:13+00:00,2021-08-16
2021-08-17 03:17:09 UTC,68.43.249.168,"Hamtramck, Michigan",42.4122,-83.0583,2021-08-17 03:17:09+00:00,2021-08-17
2021-08-17 10:58:37 UTC,68.43.249.168,"Hamtramck, Michigan",42.4122,-83.0583,2021-08-17 10:58:37+00:00,2021-08-17
2021-08-18 01:12:24 UTC,68.43.249.168,"Hamtramck, Michigan",42.4122,-83.0583,2021-08-18 01:12:24+00:00,2021-08-18
2021-08-18 02:15:55 UTC,68.43.249.168,"Hamtramck, Michigan",42.4122,-83.0583,2021-08-18 02:15:55+00:00,2021-08-18
2021-08-18 16:32:59 UTC,68.43.249.168,"Hamtramck, Michigan",42.4122,-83.0583,2021-08-18 16:32:59+00:00,2021-08-18
2021-08-18 17:33:54 UTC,68.43.249.168,"Hamtramck, Michigan",42.4122,-83.0583,2021-08-18 17:33:54+00:00,2021-08-18
2021-08-18 20:11:57 UTC,68.43.249.168,"Hamtramck, Michigan",42.4122,-83.0583,2021-08-18 20:11:57+00:00,2021-08-18
2021-08-18 20:20:24 UTC,69.136.132.144,"Detroit, Michigan",42.3914,-83.15,2021-08-18 20:20:24+00:00,2021-08-18
2021-08-18 21:53:18 UTC,68.43.249.168,"Hamtramck, Michigan",42.4122,-83.0583,2021-08-18 21:53:18+00:00,2021-08-18
2021-08-18 23:03:20 UTC,68.43.249.168,"Hamtramck, Michigan",42.4122,-83.0583,2021-08-18 23:03:20+00:00,2021-08-18
2021-08-19 00:26:34 UTC,68.43.249.168,"Hamtramck, Michigan",42.4122,-83.0583,2021-08-19 00:26:34+00:00,2021-08-19
2021-08-19 10:56:36 UTC,68.43.249.168,"Hamtramck, Michigan",42.4122,-83.0583,2021-08-19 10:56:36+00:00,2021-08-19
2021-08-19 17:57:19 UTC,68.43.249.168,"Hamtramck, Michigan",42.4122,-83.0583,2021-08-19 17:57:19+00:00,2021-08-19
2021-08-19 20:33:25 UTC,69.136.135.67,"Detroit, Michigan",42.3914,-83.15,2021-08-19 20:33:25+00:00,2021-08-19
2021-08-19 20:59:55 UTC,68.43.249.168,"Hamtramck, Michigan",42.4122,-83.0583,2021-08-19 20:59:55+00:00,2021-08-19
2021-08-19 23:16:19 UTC,68.43.249.168,"Hamtramck, Michigan",42.4122,-83.0583,2021-08-19 23:16:19+00:00,2021-08-19
2021-08-20 09:51:16 UTC,68.43.249.168,"Hamtramck, Michigan",42.4122,-83.0583,2021-08-20 09:51:16+00:00,2021-08-20
2021-08-20 13:19:29 UTC,68.43.249.168,"Hamtramck, Michigan",42.4122,-83.0583,2021-08-20 13:19:29+00:00,2021-08-20
2021-08-20 14:51:39 UTC,68.43.249.168,"Hamtramck, Michigan",42.4122,-83.0583,2021-08-20 14:51:39+00:00,2021-08-20
2021-08-20 19:38:32 UTC,68.43.249.168,"Hamtramck, Michigan",42.4122,-83.0583,2021-08-20 19:38:32+00:00,2021-08-20
2021-08-21 02:42:37 UTC,68.43.249.168,"Hamtramck, Michigan",42.4122,-83.0583,2021-08-21 02:42:37+00:00,2021-08-21
2021-08-21 03:56:59 UTC,68.43.249.168,"Hamtramck, Michigan",42.4122,-83.0583,2021-08-21 03:56:59+00:00,2021-08-21
2021-08-21 13:09:25 UTC,68.43.249.168,"Hamtramck, Michigan",42.4122,-83.0583,2021-08-21 13:09:25+00:00,2021-08-21
2021-08-21 15:23:02 UTC,68.43.249.168,"Hamtramck, Michigan",42.4122,-83.0583,2021-08-21 15:23:02+00:00,2021-08-21
2021-08-21 16:27:33 UTC,68.43.249.168,"Hamtramck, Michigan",42.4122,-83.0583,2021-08-21 16:27:33+00:00,2021-08-21
2021-08-21 17:33:49 UTC,68.43.249.168,"Hamtramck, Michigan",42.4122,-83.0583,2021-08-21 17:33:49+00:00,2021-08-21
2021-08-21 18:34:00 UTC,68.43.249.168,"Hamtramck, Michigan",42.4122,-83.0583,2021-08-21 18:34:00+00:00,2021-08-21
2021-08-21 19:58:01 UTC,68.43.249.168,"Hamtramck, Michigan",42.4122,-83.0583,2021-08-21 19:58:01+00:00,2021-08-21
2021-08-21 21:00:17 UTC,68.43.249.168,"Hamtramck, Michigan",42.4122,-83.0583,2021-08-21 21:00:17+00:00,2021-08-21
2021-08-22 01:47:43 UTC,68.43.249.168,"Hamtramck, Michigan",42.4122,-83.0583,2021-08-22 01:47:43+00:00,2021-08-22
2021-08-22 18:15:21 UTC,68.43.249.168,"Hamtramck, Michigan",42.4122,-83.0583,2021-08-22 18:15:21+00:00,2021-08-22
2021-08-22 19:18:01 UTC,68.43.249.168,"Hamtramck, Michigan",42.4122,-83.0583,2021-08-22 19:18:01+00:00,2021-08-22
2021-08-23 01:20:08 UTC,208.75.19.158,"Ann Arbor, Michigan",42.2709,-83.7282,2021-08-23 01:20:08+00:00,2021-08-23
2021-08-23 02:53:18 UTC,208.75.19.158,"Ann Arbor, Michigan",42.2709,-83.7282,2021-08-23 02:53:18+00:00,2021-08-23
2021-08-23 04:04:36 UTC,208.75.19.158,"Ann Arbor, Michigan",42.2709,-83.7282,2021-08-23 04:04:36+00:00,2021-08-23
2021-08-23 18:33:35 UTC,208.75.19.158,"Ann Arbor, Michigan",42.2709,-83.7282,2021-08-23 18:33:35+00:00,2021-08-23
2021-08-23 22:38:27 UTC,208.75.19.158,"Ann Arbor, Michigan",42.2709,-83.7282,2021-08-23 22:38:27+00:00,2021-08-23
2021-08-23 23:47:20 UTC,208.75.19.158,"Ann Arbor, Michigan",42.2709,-83.7282,2021-08-23 23:47:20+00:00,2021-08-23
2021-08-24 02:41:26 UTC,208.75.19.158,"Ann Arbor, Michigan",42.2709,-83.7282,2021-08-24 02:41:26+00:00,2021-08-24
2021-08-24 04:25:13 UTC,208.75.19.158,"Ann Arbor, Michigan",42.2709,-83.7282,2021-08-24 04:25:13+00:00,2021-08-24
2021-08-24 05:55:40 UTC,208.75.19.158,"Ann Arbor, Michigan",42.2709,-83.7282,2021-08-24 05:55:40+00:00,2021-08-24
2021-08-24 12:27:35 UTC,208.75.19.158,"Ann Arbor, Michigan",42.2709,-83.7282,2021-08-24 12:27:35+00:00,2021-08-24
2021-08-24 20:10:36 UTC,208.75.19.158,"Ann Arbor, Michigan",42.2709,-83.7282,2021-08-24 20:10:36+00:00,2021-08-24
2021-08-24 22:18:38 UTC,208.75.19.158,"Ann Arbor, Michigan",42.2709,-83.7282,2021-08-24 22:18:38+00:00,2021-08-24
2021-08-25 00:04:36 UTC,208.75.19.158,"Ann Arbor, Michigan",42.2709,-83.7282,2021-08-25 00:04:36+00:00,2021-08-25
2021-08-25 12:13:02 UTC,208.75.19.158,"Ann Arbor, Michigan",42.2709,-83.7282,2021-08-25 12:13:02+00:00,2021-08-25
2021-08-25 13:39:05 UTC,35.2.173.17,"Ann Arbor, Michigan",42.2709,-83.7068,2021-08-25 13:39:05+00:00,2021-08-25
2021-08-25 17:49:39 UTC,208.75.19.158,"Ann Arbor, Michigan",42.2709,-83.7282,2021-08-25 17:49:39+00:00,2021-08-25
2021-08-25 18:52:23 UTC,208.75.19.158,"Ann Arbor, Michigan",42.2709,-83.7282,2021-08-25 18:52:23+00:00,2021-08-25
2021-08-25 20:05:59 UTC,208.75.19.158,"Ann Arbor, Michigan",42.2709,-83.7282,2021-08-25 20:05:59+00:00,2021-08-25
2021-08-25 20:31:23 UTC,35.1.51.93,"Ann Arbor, Michigan",42.2709,-83.7068,2021-08-25 20:31:23+00:00,2021-08-25
2021-08-25 22:03:16 UTC,208.75.19.158,"Ann Arbor, Michigan",42.2709,-83.7282,2021-08-25 22:03:16+00:00,2021-08-25
2021-08-25 23:53:25 UTC,208.75.19.158,"Ann Arbor, Michigan",42.2709,-83.7282,2021-08-25 23:53:25+00:00,2021-08-25
2021-08-26 01:53:51 UTC,208.75.19.158,"Ann Arbor, Michigan",42.2709,-83.7282,2021-08-26 01:53:51+00:00,2021-08-26
2021-08-26 03:04:29 UTC,208.75.19.158,"Ann Arbor, Michigan",42.2709,-83.7282,2021-08-26 03:04:29+00:00,2021-08-26
2021-08-26 04:23:00 UTC,208.75.19.158,"Ann Arbor, Michigan",42.2709,-83.7282,2021-08-26 04:23:00+00:00,2021-08-26
2021-08-26 05:25:36 UTC,208.75.19.158,"Ann Arbor, Michigan",42.2709,-83.7282,2021-08-26 05:25:36+00:00,2021-08-26
2021-08-26 15:23:34 UTC,208.75.19.158,"Ann Arbor, Michigan",42.2709,-83.7282,2021-08-26 15:23:34+00:00,2021-08-26
2021-08-26 16:11:10 UTC,35.2.160.228,"Ann Arbor, Michigan",42.2709,-83.7068,2021-08-26 16:11:10+00:00,2021-08-26
2021-08-26 16:25:23 UTC,69.136.133.48,"Detroit, Michigan",42.3914,-83.15,2021-08-26 16:25:23+00:00,2021-08-26
2021-08-26 20:18:38 UTC,35.1.225.84,"Ann Arbor, Michigan",42.2709,-83.7068,2021-08-26 20:18:38+00:00,2021-08-26
2021-08-26 21:42:35 UTC,208.75.19.158,"Ann Arbor, Michigan",42.2709,-83.7282,2021-08-26 21:42:35+00:00,2021-08-26
2021-08-26 22:57:31 UTC,208.75.19.158,"Ann Arbor, Michigan",42.2709,-83.7282,2021-08-26 22:57:31+00:00,2021-08-26
2021-08-27 05:43:21 UTC,208.75.19.158,"Ann Arbor, Michigan",42.2709,-83.7282,2021-08-27 05:43:21+00:00,2021-08-27
2021-08-27 13:37:21 UTC,208.75.19.158,"Ann Arbor, Michigan",42.2709,-83.7282,2021-08-27 13:37:21+00:00,2021-08-27
2021-08-27 19:18:13 UTC,208.75.19.158,"Ann Arbor, Michigan",42.2709,-83.7282,2021-08-27 19:18:13+00:00,2021-08-27
2021-08-27 22:52:22 UTC,208.75.19.158,"Ann Arbor, Michigan",42.2709,-83.7282,2021-08-27 22:52:22+00:00,2021-08-27
2021-08-28 00:46:52 UTC,208.75.19.158,"Ann Arbor, Michigan",42.2709,-83.7282,2021-08-28 00:46:52+00:00,2021-08-28
2021-08-28 03:29:09 UTC,208.75.19.158,"Ann Arbor, Michigan",42.2709,-83.7282,2021-08-28 03:29:09+00:00,2021-08-28
2021-08-28 05:07:00 UTC,208.75.19.158,"Ann Arbor, Michigan",42.2709,-83.7282,2021-08-28 05:07:00+00:00,2021-08-28
2021-08-28 06:09:09 UTC,208.75.19.158,"Ann Arbor, Michigan",42.2709,-83.7282,2021-08-28 06:09:09+00:00,2021-08-28
2021-08-28 14:43:10 UTC,208.75.19.158,"Ann Arbor, Michigan",42.2709,-83.7282,2021-08-28 14:43:10+00:00,2021-08-28
2021-08-28 15:58:46 UTC,208.75.19.158,"Ann Arbor, Michigan",42.2709,-83.7282,2021-08-28 15:58:46+00:00,2021-08-28
2021-08-28 17:03:28 UTC,208.75.19.158,"Ann Arbor, Michigan",42.2709,-83.7282,2021-08-28 17:03:28+00:00,2021-08-28
2021-08-28 17:10:28 UTC,69.136.133.29,"Detroit, Michigan",42.3914,-83.15,2021-08-28 17:10:28+00:00,2021-08-28
2021-08-28 18:16:26 UTC,208.75.19.158,"Ann Arbor, Michigan",42.2709,-83.7282,2021-08-28 18:16:26+00:00,2021-08-28
2021-08-28 19:22:17 UTC,35.1.225.84,"Ann Arbor, Michigan",42.2709,-83.7068,2021-08-28 19:22:17+00:00,2021-08-28
2021-08-28 21:32:58 UTC,208.75.19.158,"Ann Arbor, Michigan",42.2709,-83.7282,2021-08-28 21:32:58+00:00,2021-08-28
2021-08-28 23:39:24 UTC,208.75.19.158,"Ann Arbor, Michigan",42.2709,-83.7282,2021-08-28 23:39:24+00:00,2021-08-28
2021-08-29 01:05:57 UTC,208.75.19.158,"Ann Arbor, Michigan",42.2709,-83.7282,2021-08-29 01:05:57+00:00,2021-08-29
2021-08-29 03:06:20 UTC,208.75.19.158,"Ann Arbor, Michigan",42.2709,-83.7282,2021-08-29 03:06:20+00:00,2021-08-29
2021-08-29 04:32:21 UTC,208.75.19.158,"Ann Arbor, Michigan",42.2709,-83.7282,2021-08-29 04:32:21+00:00,2021-08-29
2021-08-29 14:11:57 UTC,208.75.19.158,"Ann Arbor, Michigan",42.2709,-83.7282,2021-08-29 14:11:57+00:00,2021-08-29
2021-08-29 16:56:21 UTC,208.75.19.158,"Ann Arbor, Michigan",42.2709,-83.7282,2021-08-29 16:56:21+00:00,2021-08-29
2021-08-29 19:54:16 UTC,208.75.19.158,"Ann Arbor, Michigan",42.2709,-83.7282,2021-08-29 19:54:16+00:00,2021-08-29
2021-08-29 21:49:28 UTC,208.75.19.158,"Ann Arbor, Michigan",42.2709,-83.7282,2021-08-29 21:49:28+00:00,2021-08-29
2021-08-29 23:27:30 UTC,208.75.19.158,"Ann Arbor, Michigan",42.2709,-83.7282,2021-08-29 23:27:30+00:00,2021-08-29
2021-08-30 02:14:25 UTC,208.75.19.158,"Ann Arbor, Michigan",42.2709,-83.7282,2021-08-30 02:14:25+00:00,2021-08-30
2021-08-30 03:17:03 UTC,208.75.19.158,"Ann Arbor, Michigan",42.2709,-83.7282,2021-08-30 03:17:03+00:00,2021-08-30
2021-08-30 16:23:17 UTC,35.2.43.124,"Ann Arbor, Michigan",42.2709,-83.7068,2021-08-30 16:23:17+00:00,2021-08-30
2021-08-30 19:13:04 UTC,208.75.19.158,"Ann Arbor, Michigan",42.2709,-83.7282,2021-08-30 19:13:04+00:00,2021-08-30
2021-08-30 22:17:38 UTC,208.75.19.158,"Ann Arbor, Michigan",42.2709,-83.7282,2021-08-30 22:17:38+00:00,2021-08-30
2021-08-31 00:01:48 UTC,208.75.19.158,"Ann Arbor, Michigan",42.2709,-83.7282,2021-08-31 00:01:48+00:00,2021-08-31
2021-08-31 02:05:21 UTC,208.75.19.158,"Ann Arbor, Michigan",42.2709,-83.7282,2021-08-31 02:05:21+00:00,2021-08-31
2021-08-31 04:03:28 UTC,208.75.19.158,"Ann Arbor, Michigan",42.2709,-83.7282,2021-08-31 04:03:28+00:00,2021-08-31
2021-08-31 13:21:25 UTC,35.2.43.124,"Ann Arbor, Michigan",42.2709,-83.7068,2021-08-31 13:21:25+00:00,2021-08-31
2021-08-31 18:11:33 UTC,208.75.19.158,"Ann Arbor, Michigan",42.2709,-83.7282,2021-08-31 18:11:33+00:00,2021-08-31
2021-08-31 19:19:00 UTC,208.75.19.158,"Ann Arbor, Michigan",42.2709,-83.7282,2021-08-31 19:19:00+00:00,2021-08-31
2021-08-31 23:46:56 UTC,208.75.19.158,"Ann Arbor, Michigan",42.2709,-83.7282,2021-08-31 23:46:56+00:00,2021-08-31
2021-09-01 00:51:01 UTC,208.75.19.158,"Ann Arbor, Michigan",42.2709,-83.7282,2021-09-01 00:51:01+00:00,2021-09-01
2021-09-01 02:12:24 UTC,208.75.19.158,"Ann Arbor, Michigan",42.2709,-83.7282,2021-09-01 02:12:24+00:00,2021-09-01
2021-09-01 03:17:54 UTC,208.75.19.158,"Ann Arbor, Michigan",42.2709,-83.7282,2021-09-01 03:17:54+00:00,2021-09-01
2021-09-01 04:18:29 UTC,208.75.19.158,"Ann Arbor, Michigan",42.2709,-83.7282,2021-09-01 04:18:29+00:00,2021-09-01
2021-09-01 12:24:19 UTC,208.75.19.158,"Ann Arbor, Michigan",42.2709,-83.7282,2021-09-01 12:24:19+00:00,2021-09-01
2021-09-01 13:29:48 UTC,208.75.19.158,"Ann Arbor, Michigan",42.2709,-83.7282,2021-09-01 13:29:48+00:00,2021-09-01
2021-09-01 13:49:16 UTC,35.1.242.245,"Ann Arbor, Michigan",42.2886,-83.7068,2021-09-01 13:49:16+00:00,2021-09-01
2021-09-01 14:54:06 UTC,35.2.43.124,"Ann Arbor, Michigan",42.2709,-83.7068,2021-09-01 14:54:06+00:00,2021-09-01
2021-09-01 16:23:22 UTC,35.2.172.120,"Ann Arbor, Michigan",42.2709,-83.7068,2021-09-01 16:23:22+00:00,2021-09-01
2021-09-01 16:35:48 UTC,35.2.43.124,"Ann Arbor, Michigan",42.2709,-83.7068,2021-09-01 16:35:48+00:00,2021-09-01
2021-09-01 17:44:06 UTC,35.2.43.124,"Ann Arbor, Michigan",42.2709,-83.7068,2021-09-01 17:44:06+00:00,2021-09-01
2021-09-01 18:20:54 UTC,69.136.133.81,"Detroit, Michigan",42.3914,-83.15,2021-09-01 18:20:54+00:00,2021-09-01
2021-09-01 18:26:44 UTC,208.75.19.158,"Ann Arbor, Michigan",42.2709,-83.7282,2021-09-01 18:26:44+00:00,2021-09-01
2021-09-01 19:32:07 UTC,208.75.19.158,"Ann Arbor, Michigan",42.2709,-83.7282,2021-09-01 19:32:07+00:00,2021-09-01
2021-09-01 22:01:37 UTC,208.75.19.158,"Ann Arbor, Michigan",42.2709,-83.7282,2021-09-01 22:01:37+00:00,2021-09-01
2021-09-01 23:39:18 UTC,208.75.19.158,"Ann Arbor, Michigan",42.2709,-83.7282,2021-09-01 23:39:18+00:00,2021-09-01
2021-09-02 00:49:20 UTC,208.75.19.158,"Ann Arbor, Michigan",42.2709,-83.7282,2021-09-02 00:49:20+00:00,2021-09-02
2021-09-02 03:25:54 UTC,208.75.19.158,"Ann Arbor, Michigan",42.2709,-83.7282,2021-09-02 03:25:54+00:00,2021-09-02
2021-09-02 04:26:43 UTC,208.75.19.158,"Ann Arbor, Michigan",42.2709,-83.7282,2021-09-02 04:26:43+00:00,2021-09-02
2021-09-02 14:33:13 UTC,208.75.19.158,"Ann Arbor, Michigan",42.2709,-83.7282,2021-09-02 14:33:13+00:00,2021-09-02
2021-09-02 15:55:26 UTC,208.75.19.158,"Ann Arbor, Michigan",42.2709,-83.7282,2021-09-02 15:55:26+00:00,2021-09-02
2021-09-02 17:50:09 UTC,208.75.19.158,"Ann Arbor, Michigan",42.2709,-83.7282,2021-09-02 17:50:09+00:00,2021-09-02
2021-09-02 18:58:04 UTC,35.1.44.68,"Ann Arbor, Michigan",42.4658,-83.7068,2021-09-02 18:58:04+00:00,2021-09-02
2021-09-02 19:58:17 UTC,35.1.44.68,"Ann Arbor, Michigan",42.4658,-83.7068,2021-09-02 19:58:17+00:00,2021-09-02
2021-09-02 21:59:36 UTC,69.136.133.9,"Detroit, Michigan",42.3914,-83.15,2021-09-02 21:59:36+00:00,2021-09-02
2021-09-02 22:46:41 UTC,208.75.19.158,"Ann Arbor, Michigan",42.2709,-83.7282,2021-09-02 22:46:41+00:00,2021-09-02
2021-09-03 00:08:48 UTC,208.75.19.158,"Ann Arbor, Michigan",42.2709,-83.7282,2021-09-03 00:08:48+00:00,2021-09-03
2021-09-03 02:32:21 UTC,208.75.19.158,"Ann Arbor, Michigan",42.2709,-83.7282,2021-09-03 02:32:21+00:00,2021-09-03
2021-09-03 03:49:06 UTC,208.75.19.158,"Ann Arbor, Michigan",42.2709,-83.7282,2021-09-03 03:49:06+00:00,2021-09-03
2021-09-03 13:04:57 UTC,208.75.19.158,"Ann Arbor, Michigan",42.2709,-83.7282,2021-09-03 13:04:57+00:00,2021-09-03
2021-09-03 14:02:08 UTC,35.2.40.129,"Ann Arbor, Michigan",42.2709,-83.7068,2021-09-03 14:02:08+00:00,2021-09-03
2021-09-03 15:16:00 UTC,35.2.40.129,"Ann Arbor, Michigan",42.2709,-83.7068,2021-09-03 15:16:00+00:00,2021-09-03
2021-09-03 16:24:25 UTC,35.2.40.129,"Ann Arbor, Michigan",42.2709,-83.7068,2021-09-03 16:24:25+00:00,2021-09-03
2021-09-03 17:38:55 UTC,35.2.40.129,"Ann Arbor, Michigan",42.2709,-83.7068,2021-09-03 17:38:55+00:00,2021-09-03
2021-09-03 18:50:37 UTC,208.75.19.158,"Ann Arbor, Michigan",42.2709,-83.7282,2021-09-03 18:50:37+00:00,2021-09-03
2021-09-03 20:15:40 UTC,208.75.19.158,"Ann Arbor, Michigan",42.2709,-83.7282,2021-09-03 20:15:40+00:00,2021-09-03
2021-09-03 21:25:40 UTC,208.75.19.158,"Ann Arbor, Michigan",42.2709,-83.7282,2021-09-03 21:25:40+00:00,2021-09-03
2021-09-04 00:26:25 UTC,208.75.19.158,"Ann Arbor, Michigan",42.2709,-83.7282,2021-09-04 00:26:25+00:00,2021-09-04
2021-09-04 15:53:52 UTC,35.1.27.139,"Ann Arbor, Michigan",42.2709,-83.7068,2021-09-04 15:53:52+00:00,2021-09-04
2021-09-04 16:54:13 UTC,69.136.132.190,"Detroit, Michigan",42.3914,-83.15,2021-09-04 16:54:13+00:00,2021-09-04
2021-09-04 17:06:08 UTC,208.75.19.158,"Ann Arbor, Michigan",42.2709,-83.7282,2021-09-04 17:06:08+00:00,2021-09-04
2021-09-04 18:08:35 UTC,208.75.19.158,"Ann Arbor, Michigan",42.2709,-83.7282,2021-09-04 18:08:35+00:00,2021-09-04
2021-09-04 19:10:15 UTC,208.75.19.158,"Ann Arbor, Michigan",42.2709,-83.7282,2021-09-04 19:10:15+00:00,2021-09-04
2021-09-04 22:33:45 UTC,208.75.19.158,"Ann Arbor, Michigan",42.2709,-83.7282,2021-09-04 22:33:45+00:00,2021-09-04
2021-09-04 23:42:05 UTC,208.75.19.158,"Ann Arbor, Michigan",42.2709,-83.7282,2021-09-04 23:42:05+00:00,2021-09-04
2021-09-05 14:09:08 UTC,208.75.19.158,"Ann Arbor, Michigan",42.2709,-83.7282,2021-09-05 14:09:08+00:00,2021-09-05
2021-09-05 19:21:25 UTC,69.136.132.159,"Detroit, Michigan",42.3914,-83.15,2021-09-05 19:21:25+00:00,2021-09-05
2021-09-05 19:27:09 UTC,208.75.19.158,"Ann Arbor, Michigan",42.2709,-83.7282,2021-09-05 19:27:09+00:00,2021-09-05
2021-09-05 20:43:37 UTC,208.75.19.158,"Ann Arbor, Michigan",42.2709,-83.7282,2021-09-05 20:43:37+00:00,2021-09-05
2021-09-05 20:56:21 UTC,35.1.27.139,"Ann Arbor, Michigan",42.2709,-83.7068,2021-09-05 20:56:21+00:00,2021-09-05
2021-09-05 21:44:58 UTC,208.75.19.158,"Ann Arbor, Michigan",42.2709,-83.7282,2021-09-05 21:44:58+00:00,2021-09-05
2021-09-05 22:45:22 UTC,208.75.19.158,"Ann Arbor, Michigan",42.2709,-83.7282,2021-09-05 22:45:22+00:00,2021-09-05
2021-09-06 00:13:43 UTC,208.75.19.158,"Ann Arbor, Michigan",42.2709,-83.7282,2021-09-06 00:13:43+00:00,2021-09-06
2021-09-06 01:15:00 UTC,208.75.19.158,"Ann Arbor, Michigan",42.2709,-83.7282,2021-09-06 01:15:00+00:00,2021-09-06
2021-09-06 02:49:57 UTC,208.75.19.158,"Ann Arbor, Michigan",42.2709,-83.7282,2021-09-06 02:49:57+00:00,2021-09-06
2021-09-06 04:49:39 UTC,208.75.19.158,"Ann Arbor, Michigan",42.2709,-83.7282,2021-09-06 04:49:39+00:00,2021-09-06
2021-09-06 12:24:54 UTC,208.75.19.158,"Ann Arbor, Michigan",42.2709,-83.7282,2021-09-06 12:24:54+00:00,2021-09-06
2021-09-06 16:06:09 UTC,208.75.19.158,"Ann Arbor, Michigan",42.2709,-83.7282,2021-09-06 16:06:09+00:00,2021-09-06
2021-09-06 17:10:44 UTC,208.75.19.158,"Ann Arbor, Michigan",42.2709,-83.7282,2021-09-06 17:10:44+00:00,2021-09-06
2021-09-06 18:30:48 UTC,208.75.19.158,"Ann Arbor, Michigan",42.2709,-83.7282,2021-09-06 18:30:48+00:00,2021-09-06
2021-09-06 19:43:38 UTC,208.75.19.158,"Ann Arbor, Michigan",42.2709,-83.7282,2021-09-06 19:43:38+00:00,2021-09-06
2021-09-06 21:00:54 UTC,208.75.19.158,"Ann Arbor, Michigan",42.2709,-83.7282,2021-09-06 21:00:54+00:00,2021-09-06
2021-09-06 22:02:52 UTC,208.75.19.158,"Ann Arbor, Michigan",42.2709,-83.7282,2021-09-06 22:02:52+00:00,2021-09-06
2021-09-06 23:15:33 UTC,208.75.19.158,"Ann Arbor, Michigan",42.2709,-83.7282,2021-09-06 23:15:33+00:00,2021-09-06
2021-09-07 00:27:55 UTC,208.75.19.158,"Ann Arbor, Michigan",42.2709,-83.7282,2021-09-07 00:27:55+00:00,2021-09-07
2021-09-07 03:10:13 UTC,208.75.19.158,"Ann Arbor, Michigan",42.2709,-83.7282,2021-09-07 03:10:13+00:00,2021-09-07
2021-09-07 04:24:26 UTC,208.75.19.158,"Ann Arbor, Michigan",42.2709,-83.7282,2021-09-07 04:24:26+00:00,2021-09-07
2021-09-07 12:46:27 UTC,208.75.19.158,"Ann Arbor, Michigan",42.2709,-83.7282,2021-09-07 12:46:27+00:00,2021-09-07
2021-09-07 15:13:40 UTC,35.2.152.33,"Ann Arbor, Michigan",42.2804,-83.7068,2021-09-07 15:13:40+00:00,2021-09-07
2021-09-07 15:36:59 UTC,35.1.47.215,"Ann Arbor, Michigan",42.4658,-83.7068,2021-09-07 15:36:59+00:00,2021-09-07
2021-09-07 16:41:37 UTC,35.1.47.215,"Ann Arbor, Michigan",42.4658,-83.7068,2021-09-07 16:41:37+00:00,2021-09-07
2021-09-07 21:29:18 UTC,35.1.47.215,"Ann Arbor, Michigan",42.4658,-83.7068,2021-09-07 21:29:18+00:00,2021-09-07
2021-09-07 21:54:59 UTC,208.75.19.158,"Ann Arbor, Michigan",42.2709,-83.7282,2021-09-07 21:54:59+00:00,2021-09-07
2021-09-08 00:18:23 UTC,208.75.19.158,"Ann Arbor, Michigan",42.2709,-83.7282,2021-09-08 00:18:23+00:00,2021-09-08
2021-09-08 01:20:50 UTC,208.75.19.158,"Ann Arbor, Michigan",42.2709,-83.7282,2021-09-08 01:20:50+00:00,2021-09-08
2021-09-08 02:22:57 UTC,208.75.19.158,"Ann Arbor, Michigan",42.2709,-83.7282,2021-09-08 02:22:57+00:00,2021-09-08
2021-09-08 03:27:46 UTC,208.75.19.158,"Ann Arbor, Michigan",42.2709,-83.7282,2021-09-08 03:27:46+00:00,2021-09-08
2021-09-08 13:12:36 UTC,208.75.19.158,"Ann Arbor, Michigan",42.2709,-83.7282,2021-09-08 13:12:36+00:00,2021-09-08
2021-09-08 14:14:35 UTC,35.2.58.33,"Ann Arbor, Michigan",42.2709,-83.7068,2021-09-08 14:14:35+00:00,2021-09-08
2021-09-08 15:30:45 UTC,35.2.58.33,"Ann Arbor, Michigan",42.2709,-83.7068,2021-09-08 15:30:45+00:00,2021-09-08
2021-09-08 16:14:59 UTC,35.2.71.78,"Ann Arbor, Michigan",42.2804,-83.7068,2021-09-08 16:14:59+00:00,2021-09-08
2021-09-08 17:13:21 UTC,208.75.19.158,"Ann Arbor, Michigan",42.2709,-83.7282,2021-09-08 17:13:21+00:00,2021-09-08
2021-09-08 18:33:27 UTC,208.75.19.158,"Ann Arbor, Michigan",42.2709,-83.7282,2021-09-08 18:33:27+00:00,2021-09-08
2021-09-08 20:00:33 UTC,208.75.19.158,"Ann Arbor, Michigan",42.2709,-83.7282,2021-09-08 20:00:33+00:00,2021-09-08
2021-09-09 17:41:44 UTC,208.75.19.158,"Ann Arbor, Michigan",42.2709,-83.7282,2021-09-09 17:41:44+00:00,2021-09-09
2021-09-09 23:46:23 UTC,208.75.19.158,"Ann Arbor, Michigan",42.2709,-83.7282,2021-09-09 23:46:23+00:00,2021-09-09
2021-09-10 01:07:34 UTC,208.75.19.158,"Ann Arbor, Michigan",42.2709,-83.7282,2021-09-10 01:07:34+00:00,2021-09-10
2021-09-10 17:48:48 UTC,35.2.236.153,"Ann Arbor, Michigan",42.2886,-83.7068,2021-09-10 17:48:48+00:00,2021-09-10
2021-09-10 19:24:40 UTC,208.75.19.158,"Ann Arbor, Michigan",42.2709,-83.7282,2021-09-10 19:24:40+00:00,2021-09-10
2021-09-11 09:57:53 UTC,68.43.249.168,"Hamtramck, Michigan",42.4122,-83.0583,2021-09-11 09:57:53+00:00,2021-09-11
2021-09-11 13:20:53 UTC,68.43.249.168,"Hamtramck, Michigan",42.4122,-83.0583,2021-09-11 13:20:53+00:00,2021-09-11
2021-09-11 18:15:38 UTC,68.43.249.168,"Hamtramck, Michigan",42.4122,-83.0583,2021-09-11 18:15:38+00:00,2021-09-11
2021-09-11 22:45:15 UTC,68.43.249.168,"Hamtramck, Michigan",42.4122,-83.0583,2021-09-11 22:45:15+00:00,2021-09-11
2021-09-12 00:02:30 UTC,68.43.249.168,"Hamtramck, Michigan",42.4122,-83.0583,2021-09-12 00:02:30+00:00,2021-09-12
2021-09-12 01:23:59 UTC,68.43.249.168,"Hamtramck, Michigan",42.4122,-83.0583,2021-09-12 01:23:59+00:00,2021-09-12
2021-09-12 02:37:29 UTC,68.43.249.168,"Hamtramck, Michigan",42.4122,-83.0583,2021-09-12 02:37:29+00:00,2021-09-12
2021-09-12 03:53:35 UTC,68.43.249.168,"Hamtramck, Michigan",42.4122,-83.0583,2021-09-12 03:53:35+00:00,2021-09-12
2021-09-12 14:01:29 UTC,68.43.249.168,"Hamtramck, Michigan",42.4122,-83.0583,2021-09-12 14:01:29+00:00,2021-09-12
2021-09-12 18:54:33 UTC,208.75.19.158,"Ann Arbor, Michigan",42.2709,-83.7282,2021-09-12 18:54:33+00:00,2021-09-12
2021-09-12 20:32:09 UTC,208.75.19.158,"Ann Arbor, Michigan",42.2709,-83.7282,2021-09-12 20:32:09+00:00,2021-09-12
2021-09-12 21:34:59 UTC,208.75.19.158,"Ann Arbor, Michigan",42.2709,-83.7282,2021-09-12 21:34:59+00:00,2021-09-12
2021-09-12 23:23:53 UTC,208.75.19.158,"Ann Arbor, Michigan",42.2709,-83.7282,2021-09-12 23:23:53+00:00,2021-09-12
2021-09-13 00:24:31 UTC,208.75.19.158,"Ann Arbor, Michigan",42.2709,-83.7282,2021-09-13 00:24:31+00:00,2021-09-13
2021-09-13 12:29:21 UTC,208.75.19.158,"Ann Arbor, Michigan",42.2709,-83.7282,2021-09-13 12:29:21+00:00,2021-09-13
2021-09-13 14:35:48 UTC,35.2.35.17,"Ann Arbor, Michigan",42.2709,-83.7068,2021-09-13 14:35:48+00:00,2021-09-13
2021-09-13 15:37:23 UTC,35.2.35.17,"Ann Arbor, Michigan",42.2709,-83.7068,2021-09-13 15:37:23+00:00,2021-09-13
2021-09-13 17:54:28 UTC,208.75.19.158,"Ann Arbor, Michigan",42.2709,-83.7282,2021-09-13 17:54:28+00:00,2021-09-13
2021-09-13 19:31:32 UTC,208.75.19.158,"Ann Arbor, Michigan",42.2709,-83.7282,2021-09-13 19:31:32+00:00,2021-09-13
2021-09-13 20:43:53 UTC,208.75.19.158,"Ann Arbor, Michigan",42.2709,-83.7282,2021-09-13 20:43:53+00:00,2021-09-13
2021-09-13 21:48:26 UTC,208.75.19.158,"Ann Arbor, Michigan",42.2709,-83.7282,2021-09-13 21:48:26+00:00,2021-09-13
2021-09-14 00:28:23 UTC,35.1.162.166,"Ann Arbor, Michigan",42.2807,-83.7068,2021-09-14 00:28:23+00:00,2021-09-14
2021-09-14 03:25:39 UTC,208.75.19.158,"Ann Arbor, Michigan",42.2709,-83.7282,2021-09-14 03:25:39+00:00,2021-09-14
2021-09-14 11:51:25 UTC,208.75.19.158,"Ann Arbor, Michigan",42.2709,-83.7282,2021-09-14 11:51:25+00:00,2021-09-14
2021-09-14 14:20:22 UTC,208.75.19.158,"Ann Arbor, Michigan",42.2709,-83.7282,2021-09-14 14:20:22+00:00,2021-09-14
2021-09-14 16:37:34 UTC,35.1.165.151,"Ann Arbor, Michigan",41.9534,-83.7068,2021-09-14 16:37:34+00:00,2021-09-14
2021-09-14 21:39:38 UTC,208.75.19.158,"Ann Arbor, Michigan",42.2709,-83.7282,2021-09-14 21:39:38+00:00,2021-09-14
2021-09-14 22:59:16 UTC,208.75.19.158,"Ann Arbor, Michigan",42.2709,-83.7282,2021-09-14 22:59:16+00:00,2021-09-14
2021-09-15 01:23:09 UTC,69.136.135.61,"Detroit, Michigan",42.3914,-83.15,2021-09-15 01:23:09+00:00,2021-09-15
2021-09-15 02:38:10 UTC,208.75.19.158,"Ann Arbor, Michigan",42.2709,-83.7282,2021-09-15 02:38:10+00:00,2021-09-15
2021-09-15 04:18:59 UTC,208.75.19.158,"Ann Arbor, Michigan",42.2709,-83.7282,2021-09-15 04:18:59+00:00,2021-09-15
2021-09-15 12:04:03 UTC,208.75.19.158,"Ann Arbor, Michigan",42.2709,-83.7282,2021-09-15 12:04:03+00:00,2021-09-15
2021-09-15 12:39:22 UTC,35.1.165.151,"Ann Arbor, Michigan",41.9534,-83.7068,2021-09-15 12:39:22+00:00,2021-09-15
2021-09-15 13:52:33 UTC,35.1.165.151,"Ann Arbor, Michigan",41.9534,-83.7068,2021-09-15 13:52:33+00:00,2021-09-15
2021-09-15 15:06:25 UTC,35.2.50.55,"Ann Arbor, Michigan",42.2709,-83.7068,2021-09-15 15:06:25+00:00,2021-09-15
2021-09-15 17:33:06 UTC,208.75.19.158,"Ann Arbor, Michigan",42.2709,-83.7282,2021-09-15 17:33:06+00:00,2021-09-15
2021-09-15 19:02:17 UTC,208.75.19.158,"Ann Arbor, Michigan",42.2709,-83.7282,2021-09-15 19:02:17+00:00,2021-09-15
2021-09-15 20:09:29 UTC,208.75.19.158,"Ann Arbor, Michigan",42.2709,-83.7282,2021-09-15 20:09:29+00:00,2021-09-15
2021-09-15 21:48:18 UTC,208.75.19.158,"Ann Arbor, Michigan",42.2709,-83.7282,2021-09-15 21:48:18+00:00,2021-09-15
2021-09-15 22:48:18 UTC,208.75.19.158,"Ann Arbor, Michigan",42.2709,-83.7282,2021-09-15 22:48:18+00:00,2021-09-15
2021-09-16 01:20:04 UTC,208.75.19.158,"Ann Arbor, Michigan",42.2709,-83.7282,2021-09-16 01:20:04+00:00,2021-09-16
2021-09-16 12:46:50 UTC,69.136.135.93,"Detroit, Michigan",42.3914,-83.15,2021-09-16 12:46:50+00:00,2021-09-16
2021-09-16 12:49:14 UTC,35.1.75.128,"Ann Arbor, Michigan",42.2709,-83.7068,2021-09-16 12:49:14+00:00,2021-09-16
2021-09-16 14:29:55 UTC,208.75.19.158,"Ann Arbor, Michigan",42.2709,-83.7282,2021-09-16 14:29:55+00:00,2021-09-16
2021-09-16 14:44:58 UTC,69.136.135.75,"Detroit, Michigan",42.3914,-83.15,2021-09-16 14:44:58+00:00,2021-09-16
2021-09-16 14:58:41 UTC,35.2.131.242,"Ann Arbor, Michigan",42.2709,-83.7068,2021-09-16 14:58:41+00:00,2021-09-16
2021-09-16 16:21:44 UTC,35.2.131.242,"Ann Arbor, Michigan",42.2709,-83.7068,2021-09-16 16:21:44+00:00,2021-09-16
2021-09-17 12:35:26 UTC,35.1.247.170,"Ann Arbor, Michigan",42.2709,-83.7068,2021-09-17 12:35:26+00:00,2021-09-17
2021-09-17 13:04:18 UTC,69.136.134.247,"Detroit, Michigan",42.3914,-83.15,2021-09-17 13:04:18+00:00,2021-09-17
2021-09-17 13:43:41 UTC,208.75.19.158,"Ann Arbor, Michigan",42.2709,-83.7282,2021-09-17 13:43:41+00:00,2021-09-17
2021-09-17 14:18:59 UTC,35.2.131.242,"Ann Arbor, Michigan",42.2709,-83.7068,2021-09-17 14:18:59+00:00,2021-09-17
2021-09-17 15:29:41 UTC,35.2.131.242,"Ann Arbor, Michigan",42.2709,-83.7068,2021-09-17 15:29:41+00:00,2021-09-17
2021-09-17 15:38:12 UTC,35.2.146.245,"Ann Arbor, Michigan",42.2804,-83.7068,2021-09-17 15:38:12+00:00,2021-09-17
2021-09-17 16:44:18 UTC,35.2.131.242,"Ann Arbor, Michigan",42.2709,-83.7068,2021-09-17 16:44:18+00:00,2021-09-17
2021-09-17 17:45:52 UTC,35.2.131.242,"Ann Arbor, Michigan",42.2709,-83.7068,2021-09-17 17:45:52+00:00,2021-09-17
2021-09-17 18:47:46 UTC,208.75.19.158,"Ann Arbor, Michigan",42.2709,-83.7282,2021-09-17 18:47:46+00:00,2021-09-17
2021-09-17 21:12:02 UTC,208.75.19.158,"Ann Arbor, Michigan",42.2709,-83.7282,2021-09-17 21:12:02+00:00,2021-09-17
2021-09-18 01:23:18 UTC,208.75.19.158,"Ann Arbor, Michigan",42.2709,-83.7282,2021-09-18 01:23:18+00:00,2021-09-18
2021-09-18 02:48:02 UTC,208.75.19.158,"Ann Arbor, Michigan",42.2709,-83.7282,2021-09-18 02:48:02+00:00,2021-09-18
2021-09-18 03:49:27 UTC,208.75.19.158,"Ann Arbor, Michigan",42.2709,-83.7282,2021-09-18 03:49:27+00:00,2021-09-18
2021-09-18 04:55:37 UTC,208.75.19.158,"Ann Arbor, Michigan",42.2709,-83.7282,2021-09-18 04:55:37+00:00,2021-09-18
2021-09-18 12:07:00 UTC,208.75.19.158,"Ann Arbor, Michigan",42.2709,-83.7282,2021-09-18 12:07:00+00:00,2021-09-18
2021-09-18 16:45:32 UTC,208.75.19.158,"Ann Arbor, Michigan",42.2709,-83.7282,2021-09-18 16:45:32+00:00,2021-09-18
2021-09-19 01:47:50 UTC,208.75.19.158,"Ann Arbor, Michigan",42.2709,-83.7282,2021-09-19 01:47:50+00:00,2021-09-19
2021-09-19 05:04:42 UTC,208.75.19.158,"Ann Arbor, Michigan",42.2709,-83.7282,2021-09-19 05:04:42+00:00,2021-09-19
2021-09-19 17:06:20 UTC,208.75.19.158,"Ann Arbor, Michigan",42.2709,-83.7282,2021-09-19 17:06:20+00:00,2021-09-19
2021-09-19 21:22:54 UTC,208.75.19.158,"Ann Arbor, Michigan",42.2709,-83.7282,2021-09-19 21:22:54+00:00,2021-09-19
2021-09-19 23:11:17 UTC,208.75.19.158,"Ann Arbor, Michigan",42.2709,-83.7282,2021-09-19 23:11:17+00:00,2021-09-19
2021-09-20 13:04:35 UTC,208.75.19.158,"Ann Arbor, Michigan",42.2709,-83.7282,2021-09-20 13:04:35+00:00,2021-09-20
2021-09-20 17:50:30 UTC,208.75.19.158,"Ann Arbor, Michigan",42.2709,-83.7282,2021-09-20 17:50:30+00:00,2021-09-20
2021-09-21 12:51:50 UTC,35.1.238.71,"Ann Arbor, Michigan",42.2709,-83.7068,2021-09-21 12:51:50+00:00,2021-09-21
2021-09-21 13:48:27 UTC,208.75.19.158,"Ann Arbor, Michigan",42.2709,-83.7282,2021-09-21 13:48:27+00:00,2021-09-21
2021-09-21 16:32:22 UTC,35.2.153.155,"Ann Arbor, Michigan",42.2804,-83.7068,2021-09-21 16:32:22+00:00,2021-09-21
2021-09-21 17:33:47 UTC,35.2.153.155,"Ann Arbor, Michigan",42.2804,-83.7068,2021-09-21 17:33:47+00:00,2021-09-21
2021-09-21 18:11:39 UTC,35.1.193.215,"Ann Arbor, Michigan",42.2709,-83.7068,2021-09-21 18:11:39+00:00,2021-09-21
2021-09-21 18:22:21 UTC,208.75.19.158,"Ann Arbor, Michigan",42.2709,-83.7282,2021-09-21 18:22:21+00:00,2021-09-21
2021-09-21 19:26:54 UTC,208.75.19.158,"Ann Arbor, Michigan",42.2709,-83.7282,2021-09-21 19:26:54+00:00,2021-09-21
2021-09-21 20:27:04 UTC,208.75.19.158,"Ann Arbor, Michigan",42.2709,-83.7282,2021-09-21 20:27:04+00:00,2021-09-21
2021-09-22 13:30:06 UTC,208.75.19.158,"Ann Arbor, Michigan",42.2709,-83.7282,2021-09-22 13:30:06+00:00,2021-09-22
2021-09-22 14:56:27 UTC,35.2.153.155,"Ann Arbor, Michigan",42.2804,-83.7068,2021-09-22 14:56:27+00:00,2021-09-22
2021-09-22 15:48:07 UTC,35.2.81.190,"Ann Arbor, Michigan",42.2709,-83.7068,2021-09-22 15:48:07+00:00,2021-09-22
2021-09-22 16:58:54 UTC,208.75.19.158,"Ann Arbor, Michigan",42.2709,-83.7282,2021-09-22 16:58:54+00:00,2021-09-22
2021-09-22 20:57:43 UTC,208.75.19.158,"Ann Arbor, Michigan",42.2709,-83.7282,2021-09-22 20:57:43+00:00,2021-09-22
2021-09-22 22:42:54 UTC,208.75.19.158,"Ann Arbor, Michigan",42.2709,-83.7282,2021-09-22 22:42:54+00:00,2021-09-22
2021-09-23 03:15:10 UTC,208.75.19.158,"Ann Arbor, Michigan",42.2709,-83.7282,2021-09-23 03:15:10+00:00,2021-09-23
2021-09-23 11:26:30 UTC,208.75.19.158,"Ann Arbor, Michigan",42.2709,-83.7282,2021-09-23 11:26:30+00:00,2021-09-23
2021-09-23 13:53:17 UTC,208.75.19.158,"Ann Arbor, Michigan",42.2709,-83.7282,2021-09-23 13:53:17+00:00,2021-09-23
2021-09-23 15:18:06 UTC,208.75.19.158,"Ann Arbor, Michigan",42.2709,-83.7282,2021-09-23 15:18:06+00:00,2021-09-23
2021-09-23 16:19:11 UTC,208.75.19.158,"Ann Arbor, Michigan",42.2709,-83.7282,2021-09-23 16:19:11+00:00,2021-09-23
2021-09-23 20:15:44 UTC,208.75.19.158,"Ann Arbor, Michigan",42.2709,-83.7282,2021-09-23 20:15:44+00:00,2021-09-23
2021-09-23 23:22:50 UTC,208.75.19.158,"Ann Arbor, Michigan",42.2709,-83.7282,2021-09-23 23:22:50+00:00,2021-09-23
2021-09-24 03:25:14 UTC,208.75.19.158,"Ann Arbor, Michigan",42.2709,-83.7282,2021-09-24 03:25:14+00:00,2021-09-24
2021-09-24 13:02:22 UTC,208.75.19.158,"Ann Arbor, Michigan",42.2709,-83.7282,2021-09-24 13:02:22+00:00,2021-09-24
2021-09-24 13:46:47 UTC,35.1.95.243,"Ann Arbor, Michigan",42.3068,-83.7068,2021-09-24 13:46:47+00:00,2021-09-24
2021-09-24 14:15:23 UTC,35.2.49.46,"Ann Arbor, Michigan",42.2709,-83.7068,2021-09-24 14:15:23+00:00,2021-09-24
2021-09-24 16:43:53 UTC,35.2.49.46,"Ann Arbor, Michigan",42.2709,-83.7068,2021-09-24 16:43:53+00:00,2021-09-24
2021-09-24 17:45:35 UTC,35.2.49.46,"Ann Arbor, Michigan",42.2709,-83.7068,2021-09-24 17:45:35+00:00,2021-09-24
2021-09-25 00:23:26 UTC,68.43.249.168,"Hamtramck, Michigan",42.4122,-83.0583,2021-09-25 00:23:26+00:00,2021-09-25
2021-09-25 21:23:50 UTC,69.136.133.79,"Detroit, Michigan",42.3914,-83.15,2021-09-25 21:23:50+00:00,2021-09-25
2021-09-25 21:55:24 UTC,68.43.249.168,"Hamtramck, Michigan",42.4122,-83.0583,2021-09-25 21:55:24+00:00,2021-09-25
2021-09-26 14:02:12 UTC,68.43.249.168,"Hamtramck, Michigan",42.4122,-83.0583,2021-09-26 14:02:12+00:00,2021-09-26
2021-09-26 15:03:25 UTC,68.43.249.168,"Hamtramck, Michigan",42.4122,-83.0583,2021-09-26 15:03:25+00:00,2021-09-26
2021-09-26 19:15:29 UTC,68.43.249.168,"Hamtramck, Michigan",42.4122,-83.0583,2021-09-26 19:15:29+00:00,2021-09-26
2021-09-27 17:07:15 UTC,208.75.19.158,"Ann Arbor, Michigan",42.2709,-83.7282,2021-09-27 17:07:15+00:00,2021-09-27
2021-09-27 19:08:10 UTC,208.75.19.158,"Ann Arbor, Michigan",42.2709,-83.7282,2021-09-27 19:08:10+00:00,2021-09-27
2021-09-27 23:06:36 UTC,208.75.19.158,"Ann Arbor, Michigan",42.2709,-83.7282,2021-09-27 23:06:36+00:00,2021-09-27
2021-09-28 03:11:35 UTC,208.75.19.158,"Ann Arbor, Michigan",42.2709,-83.7282,2021-09-28 03:11:35+00:00,2021-09-28
2021-09-28 22:36:09 UTC,208.75.19.158,"Ann Arbor, Michigan",42.2709,-83.7282,2021-09-28 22:36:09+00:00,2021-09-28
2021-09-29 01:18:56 UTC,208.75.19.158,"Ann Arbor, Michigan",42.2709,-83.7282,2021-09-29 01:18:56+00:00,2021-09-29
2021-09-29 02:24:04 UTC,208.75.19.158,"Ann Arbor, Michigan",42.2709,-83.7282,2021-09-29 02:24:04+00:00,2021-09-29
2021-09-29 15:20:50 UTC,35.2.121.9,"Ann Arbor, Michigan",42.2807,-83.7068,2021-09-29 15:20:50+00:00,2021-09-29
2021-09-29 16:35:47 UTC,35.2.121.9,"Ann Arbor, Michigan",42.2807,-83.7068,2021-09-29 16:35:47+00:00,2021-09-29
2021-09-29 17:01:09 UTC,208.75.19.158,"Ann Arbor, Michigan",42.2709,-83.7282,2021-09-29 17:01:09+00:00,2021-09-29
2021-09-29 19:40:23 UTC,208.75.19.158,"Ann Arbor, Michigan",42.2709,-83.7282,2021-09-29 19:40:23+00:00,2021-09-29
2021-09-30 12:08:46 UTC,208.75.19.158,"Ann Arbor, Michigan",42.2709,-83.7282,2021-09-30 12:08:46+00:00,2021-09-30
2021-09-30 20:41:37 UTC,208.75.19.158,"Ann Arbor, Michigan",42.2709,-83.7282,2021-09-30 20:41:37+00:00,2021-09-30
2021-10-01 03:27:23 UTC,208.75.19.158,"Ann Arbor, Michigan",42.2709,-83.7282,2021-10-01 03:27:23+00:00,2021-10-01
2021-10-01 05:49:34 UTC,208.75.19.158,"Ann Arbor, Michigan",42.2709,-83.7282,2021-10-01 05:49:34+00:00,2021-10-01
2021-10-01 14:24:44 UTC,35.2.41.70,"Ann Arbor, Michigan",42.2709,-83.7068,2021-10-01 14:24:44+00:00,2021-10-01
2021-10-01 14:33:43 UTC,35.2.131.69,"Ann Arbor, Michigan",42.2709,-83.7068,2021-10-01 14:33:43+00:00,2021-10-01
